-- phpMyAdmin SQL Dump
-- version 4.0.10deb1
-- http://www.phpmyadmin.net
--
-- โฮสต์: localhost
-- เวลาในการสร้าง: 27 ม.ค. 2015  07:56น.
-- เวอร์ชั่นของเซิร์ฟเวอร์: 5.6.21-70.1
-- รุ่นของ PHP: 5.5.9-1ubuntu4.5

SET SQL_MODE = "NO_AUTO_VALUE_ON_ZERO";
SET time_zone = "+00:00";


/*!40101 SET @OLD_CHARACTER_SET_CLIENT=@@CHARACTER_SET_CLIENT */;
/*!40101 SET @OLD_CHARACTER_SET_RESULTS=@@CHARACTER_SET_RESULTS */;
/*!40101 SET @OLD_COLLATION_CONNECTION=@@COLLATION_CONNECTION */;
/*!40101 SET NAMES utf8 */;

--
-- ฐานข้อมูล: `tv`
--

-- --------------------------------------------------------

--
-- โครงสร้างตาราง `cui`
--

CREATE TABLE IF NOT EXISTS `cui` (
  `clientipaddress` varchar(15) NOT NULL DEFAULT '',
  `callingstationid` varchar(50) NOT NULL DEFAULT '',
  `username` varchar(64) NOT NULL DEFAULT '',
  `cui` varchar(32) NOT NULL DEFAULT '',
  `creationdate` timestamp NOT NULL DEFAULT CURRENT_TIMESTAMP,
  `lastaccounting` timestamp NOT NULL DEFAULT '0000-00-00 00:00:00',
  PRIMARY KEY (`username`,`clientipaddress`,`callingstationid`)
) ENGINE=MyISAM DEFAULT CHARSET=utf8 ROW_FORMAT=COMPACT;

-- --------------------------------------------------------

--
-- โครงสร้างตาราง `hotspots`
--

CREATE TABLE IF NOT EXISTS `hotspots` (
  `id` bigint(20) NOT NULL AUTO_INCREMENT,
  `name` varchar(200) DEFAULT NULL,
  `mac` varchar(200) DEFAULT NULL,
  `geocode` varchar(200) DEFAULT NULL,
  `owner` varchar(200) DEFAULT NULL,
  `email_owner` varchar(200) DEFAULT NULL,
  `manager` varchar(200) DEFAULT NULL,
  `email_manager` varchar(200) DEFAULT NULL,
  `address` varchar(200) DEFAULT NULL,
  `company` varchar(200) DEFAULT NULL,
  `phone1` varchar(200) DEFAULT NULL,
  `phone2` varchar(200) DEFAULT NULL,
  `type` varchar(200) DEFAULT NULL,
  `companywebsite` varchar(200) DEFAULT NULL,
  `companyemail` varchar(200) DEFAULT NULL,
  `companycontact` varchar(200) DEFAULT NULL,
  `companyphone` varchar(200) DEFAULT NULL,
  `creationdate` datetime DEFAULT '0000-00-00 00:00:00',
  `creationby` varchar(128) DEFAULT NULL,
  `updatedate` datetime DEFAULT '0000-00-00 00:00:00',
  `updateby` varchar(128) DEFAULT NULL,
  PRIMARY KEY (`id`),
  KEY `mac` (`mac`),
  KEY `name` (`name`)
) ENGINE=MyISAM DEFAULT CHARSET=utf8 ROW_FORMAT=DYNAMIC AUTO_INCREMENT=1 ;

-- --------------------------------------------------------

--
-- โครงสร้างตาราง `nas`
--

CREATE TABLE IF NOT EXISTS `nas` (
  `id` int(10) NOT NULL AUTO_INCREMENT,
  `nasname` varchar(128) NOT NULL,
  `shortname` varchar(32) DEFAULT NULL,
  `type` varchar(30) DEFAULT 'other',
  `ports` int(5) DEFAULT NULL,
  `secret` varchar(60) NOT NULL DEFAULT 'secret',
  `server` varchar(64) DEFAULT NULL,
  `community` varchar(50) DEFAULT NULL,
  `description` varchar(200) DEFAULT 'RADIUS Client',
  PRIMARY KEY (`id`),
  KEY `nasname` (`nasname`)
) ENGINE=MyISAM  DEFAULT CHARSET=utf8 ROW_FORMAT=COMPACT AUTO_INCREMENT=2 ;

--
-- dump ตาราง `nas`
--

INSERT INTO `nas` (`id`, `nasname`, `shortname`, `type`, `ports`, `secret`, `server`, `community`, `description`) VALUES
(1, '0.0.0.0/0', 'all', 'other', NULL, 'totrop', NULL, NULL, 'RADIUS Client');

-- --------------------------------------------------------

--
-- โครงสร้างตาราง `radacct`
--

CREATE TABLE IF NOT EXISTS `radacct` (
  `radacctid` bigint(21) NOT NULL AUTO_INCREMENT,
  `acctsessionid` varchar(64) NOT NULL DEFAULT '',
  `acctuniqueid` varchar(32) NOT NULL DEFAULT '',
  `username` varchar(64) NOT NULL DEFAULT '',
  `groupname` varchar(64) NOT NULL DEFAULT '',
  `realm` varchar(64) DEFAULT '',
  `nasipaddress` varchar(15) NOT NULL DEFAULT '',
  `nasportid` varchar(15) DEFAULT NULL,
  `nasporttype` varchar(32) DEFAULT NULL,
  `acctstarttime` datetime DEFAULT NULL,
  `acctstoptime` datetime DEFAULT NULL,
  `acctsessiontime` int(12) DEFAULT NULL,
  `acctauthentic` varchar(32) DEFAULT NULL,
  `connectinfo_start` varchar(50) DEFAULT NULL,
  `connectinfo_stop` varchar(50) DEFAULT NULL,
  `acctinputoctets` bigint(20) DEFAULT NULL,
  `acctoutputoctets` bigint(20) DEFAULT NULL,
  `calledstationid` varchar(50) NOT NULL DEFAULT '',
  `callingstationid` varchar(50) NOT NULL DEFAULT '',
  `acctterminatecause` varchar(32) NOT NULL DEFAULT '',
  `servicetype` varchar(32) DEFAULT NULL,
  `framedprotocol` varchar(32) DEFAULT NULL,
  `framedipaddress` varchar(15) NOT NULL DEFAULT '',
  `acctstartdelay` int(12) DEFAULT NULL,
  `acctstopdelay` int(12) DEFAULT NULL,
  `xascendsessionsvrkey` varchar(10) DEFAULT NULL,
  `hotspot_macadd` varchar(50) NOT NULL,
  PRIMARY KEY (`radacctid`),
  KEY `acctsessionid` (`acctsessionid`),
  KEY `acctsessiontime` (`acctsessiontime`),
  KEY `acctstarttime` (`acctstarttime`),
  KEY `acctstoptime` (`acctstoptime`),
  KEY `acctuniqueid` (`acctuniqueid`),
  KEY `framedipaddress` (`framedipaddress`),
  KEY `nasipaddress` (`nasipaddress`),
  KEY `username` (`username`)
) ENGINE=MyISAM  DEFAULT CHARSET=utf8 ROW_FORMAT=COMPACT AUTO_INCREMENT=114 ;

--
-- dump ตาราง `radacct`
--

INSERT INTO `radacct` (`radacctid`, `acctsessionid`, `acctuniqueid`, `username`, `groupname`, `realm`, `nasipaddress`, `nasportid`, `nasporttype`, `acctstarttime`, `acctstoptime`, `acctsessiontime`, `acctauthentic`, `connectinfo_start`, `connectinfo_stop`, `acctinputoctets`, `acctoutputoctets`, `calledstationid`, `callingstationid`, `acctterminatecause`, `servicetype`, `framedprotocol`, `framedipaddress`, `acctstartdelay`, `acctstopdelay`, `xascendsessionsvrkey`, `hotspot_macadd`) VALUES
(1, '80400003', 'aaa7a7b23221916f', 'OFfSHK', '', '', '192.168.1.100', '2151677955', 'Wireless-802.11', '2014-05-20 21:37:48', '2014-05-20 21:38:48', 60, '', '', '', 80309, 561457, 'hotspot1', '90:18:7C:1B:8B:6E', 'Session-Timeout', '', '', '192.168.11.252', 0, 0, '', ''),
(2, '80400004', '6a28d5549b1d1421', 'OFfSHK', '', '', '192.168.1.100', '2151677956', 'Wireless-802.11', '2014-05-20 21:41:31', '2014-05-20 21:50:24', 233, '', '', '', 435091, 2380082, 'hotspot1', '90:18:7C:1B:8B:6E', 'Idle-Timeout', '', '', '192.168.11.252', 0, 0, '', ''),
(3, '80400005', '71b0185751b5cf63', '4plzJk', '', '', '192.168.1.100', '2151677957', 'Wireless-802.11', '2014-05-20 21:55:31', '2014-05-20 21:56:31', 60, '', '', '', 128261, 659369, 'hotspot1', '90:18:7C:1B:8B:6E', 'Session-Timeout', '', '', '192.168.11.252', 0, 0, '', ''),
(4, '80400006', 'b01e307ace226838', '4plzJk', '', '', '192.168.1.100', '2151677958', 'Wireless-802.11', '2014-05-20 21:57:19', '2014-05-20 21:58:19', 60, '', '', '', 113739, 357171, 'hotspot1', '90:18:7C:1B:8B:6E', 'Session-Timeout', '', '', '192.168.11.252', 0, 0, '', ''),
(5, '80400000', '077a2820ce8ae16a', 'OFfSHK', '', '', '182.52.81.163', '2151677952', 'Wireless-802.11', '2014-05-22 16:44:31', '2014-05-22 16:45:31', 60, '', '', '', 126169, 4866801, 'hotspot1', 'E8:40:F2:97:B5:7C', 'Session-Timeout', '', '', '172.16.1.252', 0, 0, '', ''),
(6, '80400001', 'ac0c042167b711bb', 'OFfSHK', '', '', '182.52.81.163', '2151677953', 'Wireless-802.11', '2014-05-22 16:46:35', '2014-05-22 16:47:35', 60, '', '', '', 226965, 3316291, 'hotspot1', 'E8:40:F2:97:B5:7C', 'Session-Timeout', '', '', '172.16.1.252', 0, 0, '', ''),
(7, '80300000', '3462712ce8f7c98a', '0Y49QZ', '', '', '192.168.1.36', '2150629376', 'Wireless-802.11', '2014-05-25 21:25:31', '2014-05-25 21:26:31', 60, '', '', '', 236048, 2454312, 'hotspot1', '20:68:9D:19:5C:03', 'Session-Timeout', '', '', '192.168.10.252', 0, 0, '', ''),
(8, '80300001', 'a336236682422c1a', 'KqdOnm', '', '', '192.168.1.36', '2150629377', 'Wireless-802.11', '2014-05-25 21:46:09', '2014-05-25 21:47:09', 60, '', '', '', 78896, 142003, 'hotspot1', '20:68:9D:19:5C:03', 'Session-Timeout', '', '', '192.168.10.252', 0, 0, '', ''),
(9, '80300002', 'dd22ec12115fe90e', 'KqdOnm', '', '', '192.168.1.36', '2150629378', 'Wireless-802.11', '2014-05-25 21:50:19', '2014-05-25 21:51:19', 60, '', '', '', 75876, 115050, 'hotspot1', '20:68:9D:19:5C:03', 'Session-Timeout', '', '', '192.168.10.252', 0, 0, '', ''),
(10, '80300003', 'c1006409de412c2b', '0Y49QZ', '', '', '192.168.1.36', '2150629379', 'Wireless-802.11', '2014-05-25 21:54:56', '2014-05-25 21:55:56', 60, '', '', '', 397501, 3471352, 'hotspot1', '20:68:9D:19:5C:03', 'Session-Timeout', '', '', '192.168.10.252', 0, 0, '', ''),
(11, '80300004', 'b720423375370ffa', '0Y49QZ', '', '', '192.168.1.36', '2150629380', 'Wireless-802.11', '2014-05-25 21:57:00', '2014-05-25 21:58:00', 60, '', '', '', 159668, 777646, 'hotspot1', '20:68:9D:19:5C:03', 'Session-Timeout', '', '', '192.168.10.252', 0, 0, '', ''),
(12, '80300005', 'a99d0c793bc13720', '0Y49QZ', '', '', '192.168.1.36', '2150629381', 'Wireless-802.11', '2014-05-25 21:58:35', '2014-05-25 21:59:35', 60, '', '', '', 151915, 488757, 'hotspot1', '20:68:9D:19:5C:03', 'Session-Timeout', '', '', '192.168.10.252', 0, 0, '', ''),
(13, '80300006', 'fb08f9e3d51b5cd8', '0Y49QZ', '', '', '192.168.1.36', '2150629382', 'Wireless-802.11', '2014-05-25 22:00:29', '2014-05-25 22:01:29', 60, '', '', '', 276433, 923494, 'hotspot1', '20:68:9D:19:5C:03', 'Session-Timeout', '', '', '192.168.10.252', 0, 0, '', ''),
(14, '80500005', '1d81e4aa0e0c3f2b', 'SQ5Dui', '', '', '192.168.100.50', '2152726533', 'Wireless-802.11', '2014-05-28 12:39:37', '2014-05-28 12:40:37', 60, '', '', '', 87557, 236540, 'hotspot1', 'B8:88:E3:7B:46:B9', 'Session-Timeout', '', '', '10.150.255.251', 0, 0, '', ''),
(15, '80500006', '03fd24fb839ff65b', 'SQ5Dui', '', '', '192.168.100.50', '2152726534', 'Wireless-802.11', '2014-05-28 12:41:42', '2014-05-28 12:42:42', 60, '', '', '', 61722, 89277, 'hotspot1', 'B8:88:E3:7B:46:B9', 'Session-Timeout', '', '', '10.150.255.251', 0, 0, '', ''),
(16, '80500007', 'a5cfaf7c6bd6138c', 'SQ5Dui', '', '', '192.168.100.50', '2152726535', 'Wireless-802.11', '2014-05-28 12:53:11', '2014-05-28 12:54:11', 60, '', '', '', 65635, 98057, 'hotspot1', 'B8:88:E3:7B:46:B9', 'Session-Timeout', '', '', '10.150.255.251', 0, 0, '', ''),
(17, '80500008', 'b8730e979fec3d4a', 'SQ5Dui', '', '', '192.168.100.50', '2152726536', 'Wireless-802.11', '2014-05-28 12:56:42', '2014-05-28 12:57:42', 60, '', '', '', 84510, 524576, 'hotspot1', 'B8:88:E3:7B:46:B9', 'Session-Timeout', '', '', '10.150.255.251', 0, 0, '', ''),
(18, '80500009', '71674c4053b070d2', 'SQ5Dui', '', '', '192.168.100.50', '2152726537', 'Wireless-802.11', '2014-05-28 13:07:29', '2014-05-28 13:08:29', 60, '', '', '', 66009, 388403, 'hotspot1', '90:18:7C:1B:8B:6E', 'Session-Timeout', '', '', '10.150.255.246', 0, 0, '', ''),
(19, '8050000a', 'ce97d7e75daa2fd7', 'HR4PXD', '', '', '192.168.100.50', '2152726538', 'Wireless-802.11', '2014-05-28 13:10:31', '2014-05-28 13:11:31', 60, '', '', '', 232136, 2908609, 'hotspot1', 'DC:2B:61:22:75:17', 'Session-Timeout', '', '', '10.150.255.247', 0, 0, '', ''),
(20, '8050000b', '8df2e9a6d20ebc19', 'XLCH2a', '', '', '192.168.100.50', '2152726539', 'Wireless-802.11', '2014-05-28 13:11:48', '2014-05-28 13:12:29', 41, '', '', '', 80266, 119232, 'hotspot1', '90:18:7C:1B:8B:6E', 'User-Request', '', '', '10.150.255.246', 0, 0, '', ''),
(21, '8050000c', 'cea7d6c252e9e5c4', 'HR4PXD', '', '', '192.168.100.50', '2152726540', 'Wireless-802.11', '2014-05-28 13:45:58', '2014-05-28 13:46:58', 60, '', '', '', 92549, 894024, 'hotspot1', '20:C9:D0:44:24:C7', 'Session-Timeout', '', '', '10.150.255.244', 0, 0, '', ''),
(22, '8050000d', '2b5ec8b1b2434978', 'HR4PXD', '', '', '192.168.100.50', '2152726541', 'Wireless-802.11', '2014-05-28 13:47:54', '2014-05-28 13:48:54', 60, '', '', '', 65621, 279105, 'hotspot1', '20:C9:D0:44:24:C7', 'Session-Timeout', '', '', '10.150.255.244', 0, 0, '', ''),
(23, '8050000e', '73fda3d9e0fed308', 'szxYd1', '', '', '192.168.100.50', '2152726542', 'Wireless-802.11', '2014-05-28 16:45:35', '2014-05-28 17:06:29', 953, '', '', '', 4449688, 7116904, 'hotspot1', 'DC:2B:61:22:75:17', 'Idle-Timeout', '', '', '10.150.255.238', 0, 0, '', ''),
(24, '8050000f', 'a57a9fb788e32ae5', 'szxYd1', '', '', '192.168.100.50', '2152726543', 'Wireless-802.11', '2014-05-28 19:32:30', '2014-05-28 19:34:29', 119, '', '', '', 48439, 125092, 'hotspot1', '90:18:7C:1B:8B:6E', 'User-Request', '', '', '10.150.255.246', 0, 0, '', ''),
(25, '80500010', 'f007ccf40031a80b', 'szxYd1', '', '', '192.168.100.50', '2152726544', 'Wireless-802.11', '2014-05-28 19:35:51', '2014-05-28 19:36:05', 14, '', '', '', 25986, 29629, 'hotspot1', '90:18:7C:1B:8B:6E', 'User-Request', '', '', '10.150.255.246', 0, 0, '', ''),
(26, '80500011', '4c4673316c7eca53', 'szxYd1', '', '', '192.168.100.50', '2152726545', 'Wireless-802.11', '2014-05-28 19:38:22', '2014-05-28 19:42:09', 226, '', '', '', 170925, 2887842, 'hotspot1', 'BC:EE:7B:D5:4E:9F', 'User-Request', '', '', '10.150.255.243', 0, 0, '', ''),
(27, '80500012', '78eff7408ed72ba8', 'szxYd1', '', '', '192.168.100.50', '2152726546', 'Wireless-802.11', '2014-05-28 19:42:57', '2014-05-28 21:03:09', 4812, '', '', '', 10081217, 45620967, 'hotspot1', '68:9C:70:20:B2:A2', 'Admin-Reset', '', '', '10.150.255.232', 0, 0, '', ''),
(28, '80500013', 'caef85bafe032e22', 'szxYd1', '', '', '192.168.100.50', '2152726547', 'Wireless-802.11', '2014-05-28 19:43:53', '2014-05-28 19:43:58', 6, '', '', '', 10065, 28576, 'hotspot1', 'BC:EE:7B:D5:4E:9F', 'User-Request', '', '', '10.150.255.243', 0, 0, '', ''),
(29, '80500014', '337458f3883b217b', 'szxYd1', '', '', '192.168.100.50', '2152726548', 'Wireless-802.11', '2014-05-28 19:44:15', '2014-05-28 19:57:42', 808, '', '', '', 320216, 2781071, 'hotspot1', '04:F7:E4:CD:BE:15', 'Lost-Service', '', '', '10.150.255.234', 0, 0, '', ''),
(30, '80500015', '9cdf3a6c295ee3a5', 'szxYd1', '', '', '192.168.100.50', '2152726549', 'Wireless-802.11', '2014-05-28 19:46:54', '2014-05-28 21:03:09', 4574, '', '', '', 24967760, 109422851, 'hotspot1', 'D0:22:BE:85:04:A7', 'Admin-Reset', '', '', '10.150.255.231', 0, 0, '', ''),
(31, '80500016', '3cc11ca43c1310fd', 'SQ5Dui', '', '', '192.168.100.50', '2152726550', 'Wireless-802.11', '2014-05-28 19:50:55', '2014-05-28 20:10:09', 1155, '', '', '', 1391704, 12090251, 'hotspot1', '24:FD:52:5F:EE:61', 'Lost-Service', '', '', '10.150.255.235', 0, 0, '', ''),
(32, '80500017', '12cd2cf9e4762bdd', 'szxYd1', '', '', '192.168.100.50', '2152726551', 'Wireless-802.11', '2014-05-28 20:14:20', '2014-05-28 21:03:09', 2929, '', '', '', 2242829, 102989509, 'hotspot1', '9C:B7:0D:EF:E0:F9', 'Admin-Reset', '', '', '10.150.255.233', 0, 0, '', ''),
(33, '80500018', '3807d85b38c425ef', 'szxYd1', '', '', '192.168.100.50', '2152726552', 'Wireless-802.11', '2014-05-28 20:19:06', '2014-05-28 21:03:09', 2642, '', '', '', 2180154, 109214596, 'hotspot1', '9C:B7:0D:EF:DE:95', 'Admin-Reset', '', '', '10.150.255.230', 0, 0, '', ''),
(34, '80500019', 'f17b77235631ffa2', 'SQ5Dui', '', '', '192.168.100.50', '2152726553', 'Wireless-802.11', '2014-05-28 20:26:07', '2014-05-28 21:01:49', 2142, '', '', '', 339797, 1412243, 'hotspot1', '24:FD:52:5F:EE:61', 'Lost-Service', '', '', '10.150.255.235', 0, 0, '', ''),
(35, '8050001a', 'c8b884bf19daad04', 'szxYd1', '', '', '192.168.100.50', '2152726554', 'Wireless-802.11', '2014-05-28 20:41:10', '2014-05-28 21:03:09', 1319, '', '', '', 591629, 32462120, 'hotspot1', '74:DE:2B:CD:4A:06', 'Admin-Reset', '', '', '10.150.255.229', 0, 0, '', ''),
(36, '8050001b', '2d218850d45f0c9a', 'szxYd1', '', '', '192.168.100.50', '2152726555', 'Wireless-802.11', '2014-05-28 21:11:13', '2014-05-28 21:11:49', 37, '', '', '', 25182, 293354, 'hotspot1', '9C:B7:0D:EF:DD:91', 'User-Request', '', '', '10.150.255.227', 0, 0, '', ''),
(37, '8050001c', 'd85c6e89c9f24330', 'szxYd1', '', '', '192.168.100.50', '2152726556', 'Wireless-802.11', '2014-05-28 21:13:01', '2014-05-28 21:17:50', 289, '', '', '', 86174, 768773, 'hotspot1', '74:DE:2B:CD:4A:06', 'User-Request', '', '', '10.150.255.229', 0, 0, '', ''),
(38, '8050001d', '317b3d34e7b7c5b3', 'szxYd1', '', '', '192.168.100.50', '2152726557', 'Wireless-802.11', '2014-05-28 21:15:14', '2014-05-28 21:42:27', 1633, '', '', '', 2297100, 133596814, 'hotspot1', '9C:B7:0D:EF:E0:F8', 'User-Request', '', '', '10.150.255.228', 0, 0, '', ''),
(39, '8050001e', '3f4fa20c47f381e9', 'szxYd1', '', '', '192.168.100.50', '2152726558', 'Wireless-802.11', '2014-05-28 21:18:07', '2014-05-28 21:18:35', 28, '', '', '', 11319, 63685, 'hotspot1', '74:DE:2B:CD:4A:06', 'User-Request', '', '', '10.150.255.229', 0, 0, '', ''),
(40, '8050001f', 'd5bc7d3027588016', 'szxYd1', '', '', '192.168.100.50', '2152726559', 'Wireless-802.11', '2014-05-28 21:18:49', '2014-05-28 21:32:36', 827, '', '', '', 112521, 1463792, 'hotspot1', '74:DE:2B:CD:4A:06', 'User-Request', '', '', '10.150.255.229', 0, 0, '', ''),
(41, '80500020', 'b4d9c5f5d63c5b19', 'szxYd1', '', '', '192.168.100.50', '2152726560', 'Wireless-802.11', '2014-05-28 21:41:55', '2014-05-28 21:51:21', 566, '', '', '', 676804, 34618183, 'hotspot1', '9C:B7:0D:EF:DD:91', 'User-Request', '', '', '10.150.255.227', 0, 0, '', ''),
(42, '80500021', '312eb2cc156dd50e', 'szxYd1', '', '', '192.168.100.50', '2152726561', 'Wireless-802.11', '2014-05-30 18:56:22', '2014-05-30 19:00:28', 246, '', '', '', 850648, 7842549, 'rop-a', '60:21:C0:2A:C2:45', 'User-Request', '', '', '10.150.255.213', 0, 0, '', ''),
(43, '80500000', 'a21020a83be3e04e', 'szxYd1', '', '', '192.168.100.1', '2152726528', 'Wireless-802.11', '2014-05-30 23:08:12', '2014-05-31 01:33:51', 8738, '', '', '', 36833792, 10762855, 'rop_p', 'BC:77:37:95:93:AE', 'Lost-Service', '', '', '10.155.255.243', 0, 0, '', ''),
(44, '80500022', '403fcf975108aea0', 'szxYd1', '', '', '192.168.100.50', '2152726562', 'Wireless-802.11', '2014-05-31 00:11:38', '2014-05-31 02:35:37', 5191, '', '', '', 3039696, 9227292, 'rop-a', '60:21:C0:2A:C2:45', 'Lost-Service', '', '', '10.150.255.213', 0, 0, '', ''),
(45, '80500023', '27cb3249e8cbe128', 'szxYd1', '', '', '192.168.100.50', '2152726563', 'Wireless-802.11', '2014-05-31 00:30:38', '2014-05-31 00:32:50', 132, '', '', '', 2312648, 4662799, 'rop-a', '9C:B7:0D:EF:E0:F8', 'User-Request', '', '', '10.150.255.228', 0, 0, '', ''),
(46, '80500024', '91263610599b92a8', 'szxYd1', '', '', '192.168.100.50', '2152726564', 'Wireless-802.11', '2014-05-31 00:50:50', '2014-05-31 00:57:04', 369, '', '', '', 6187419, 26547115, 'rop-a', '9C:B7:0D:EF:E0:F8', 'Lost-Service', '', '', '10.150.255.228', 0, 0, '', ''),
(47, '80500001', '93611799bc07512f', 'szxYd1', '', '', '192.168.100.1', '2152726529', 'Wireless-802.11', '2014-05-31 11:40:17', '2014-05-31 11:59:47', 1170, '', '', '', 17176043, 384422264, 'rop_p', 'BC:77:37:95:93:AE', 'Lost-Service', '', '', '10.155.255.243', 0, 0, '', ''),
(48, '80500002', 'ac5f8a4baf699eb6', 'szxYd1', '', '', '192.168.100.1', '2152726530', 'Wireless-802.11', '2014-05-31 12:35:06', '2014-05-31 15:35:06', 10800, '', '', '', 153570286, 4588162168, 'rop_p', 'BC:77:37:95:93:AE', 'Session-Timeout', '', '', '10.155.255.243', 0, 0, '', ''),
(49, '80500025', '4c768b53154017b8', 'cipkma', '', '', '192.168.100.50', '2152726565', 'Wireless-802.11', '2014-06-01 09:44:07', '2014-06-01 10:10:33', 1585, '', '', '', 1057277, 3831480, 'rop-a', '24:FD:52:5F:EE:61', 'Admin-Reboot', '', '', '10.150.255.235', 0, 0, '', ''),
(50, '80500003', '815f50a8bb675510', 'szxYd1', '', '', '192.168.100.1', '2152726531', 'Wireless-802.11', '2014-06-01 12:25:45', '2014-06-01 12:41:46', 961, '', '', '', 4502996, 69751141, 'rop_p', '00:EE:BD:9D:46:14', 'Lost-Service', '', '', '10.155.255.232', 0, 0, '', ''),
(51, '80500004', '327671c150b35646', 'szxYd1', '', '', '192.168.100.1', '2152726532', 'Wireless-802.11', '2014-06-01 12:26:57', '2014-06-01 14:57:54', 9057, '', '', '', 3533302, 30547108, 'rop_p', 'CC:AF:78:A3:6B:FD', 'Lost-Service', '', '', '10.155.255.236', 0, 0, '', ''),
(52, '80500005', '65993f68ee505814', 'szxYd1', '', '', '192.168.100.1', '2152726533', 'Wireless-802.11', '2014-06-01 12:47:37', '2014-06-01 15:47:38', 10800, '', '', '', 1851251, 3788671, 'rop_p', '48:D2:24:22:B2:35', 'Session-Timeout', '', '', '10.155.255.230', 0, 0, '', ''),
(53, '80300000', '81dd80f0e9a0601f', 's07va2', '', '', '192.168.100.50', '2150629376', 'Wireless-802.11', '2014-06-01 13:35:44', '2014-06-01 14:38:11', 146, '', '', '', 426075, 19116196, 'hotspot1', '5C:0A:5B:B5:C0:67', 'Idle-Timeout', '', '', '10.150.255.220', 0, 0, '', ''),
(54, '80300001', 'a94a8813453c5c3d', 's07va2', '', '', '192.168.100.50', '2150629377', 'Wireless-802.11', '2014-06-01 13:37:28', '2014-06-01 16:06:54', 8965, '', '', '', 376515, 2308939, 'hotspot1', 'A8:88:08:1E:94:C5', 'Lost-Service', '', '', '10.150.255.216', 0, 0, '', ''),
(55, '80300002', '877e9e358bc8faee', 'ztsolw', '', '', '192.168.100.50', '2150629378', 'Wireless-802.11', '2014-06-01 14:15:36', '2014-06-01 15:40:40', 5104, '', '', '', 52453, 231756, 'rop_a', 'F0:CB:A1:92:A7:AA', 'Lost-Service', '', '', '10.150.255.213', 0, 0, '', ''),
(56, '80300003', '657621ba9aaa8436', '0lvzzw', '', '', '192.168.100.50', '2150629379', 'Wireless-802.11', '2014-06-01 14:21:43', '2014-06-01 16:20:51', 7148, '', '', '', 278122, 2803104, 'rop_a', '9C:D2:1E:44:6C:BB', 'Lost-Service', '', '', '10.150.255.210', 0, 0, '', ''),
(57, '80300004', '5d860fa93174c67f', '9oq3w2', '', '', '192.168.100.50', '2150629380', 'Wireless-802.11', '2014-06-01 14:34:02', '2014-06-01 15:37:15', 193, '', '', '', 114223, 844636, 'rop_a', '00:EE:BD:9D:46:14', 'Idle-Timeout', '', '', '10.150.255.221', 0, 0, '', ''),
(58, '80300005', 'fcd8986cd2f4b4ac', 'ztsolw', '', '', '192.168.100.50', '2150629381', 'Wireless-802.11', '2014-06-01 14:39:17', '2014-06-01 16:03:06', 5029, '', '', '', 2148725, 10358668, 'rop_a', '24:77:03:DE:88:60', 'Lost-Service', '', '', '10.150.255.208', 0, 0, '', ''),
(59, '80500008', 'a9ec6719e1d1fd0e', 'szxYd1', '', '', '192.168.100.1', '2152726536', 'Wireless-802.11', '2014-06-01 14:58:19', '2014-06-01 15:12:21', 842, '', '', '', 197010, 685139, 'rop_p', '00:EE:BD:9D:46:14', 'User-Request', '', '', '10.155.255.232', 0, 0, '', ''),
(60, '8050000b', '6d1218aa23587eda', 'szxYd1', '', '', '192.168.100.1', '2152726539', 'Wireless-802.11', '2014-06-01 15:13:11', '2014-06-01 18:13:12', 10800, '', '', '', 4576432, 33317087, 'rop_p', 'CC:AF:78:A3:6B:FD', 'Session-Timeout', '', '', '10.155.255.235', 0, 0, '', ''),
(61, '80300006', 'dd0dc6ac706579e1', 'tfynr5', '', '', '192.168.100.50', '2150629382', 'Wireless-802.11', '2014-06-01 15:57:17', '2014-06-01 17:09:25', 4328, '', '', '', 1005955, 5453587, 'rop_a', 'C4:62:EA:7F:1C:27', 'Lost-Service', '', '', '10.150.255.204', 0, 0, '', ''),
(62, '80300007', '9a964d01d91b553b', 'huakkj', '', '', '192.168.100.50', '2150629383', 'Wireless-802.11', '2014-06-01 16:52:56', '2014-06-01 18:13:29', 4832, '', '', '', 3570224, 27001525, 'rop_a', 'DC:85:DE:16:14:D1', 'Lost-Service', '', '', '10.150.255.198', 0, 0, '', ''),
(63, '80300008', 'b5bdae76831901ab', '3qyobj', '', '', '192.168.100.50', '2150629384', 'Wireless-802.11', '2014-06-01 17:39:11', '2014-06-01 19:14:25', 5714, '', '', '', 1428987, 3614180, 'rop_a', '5C:0A:5B:B5:C0:67', 'Lost-Service', '', '', '10.150.255.220', 0, 0, '', ''),
(64, '8050000c', 'dc29b9f7e62f5f00', 'szxYd1', '', '', '192.168.100.1', '2152726540', 'Wireless-802.11', '2014-06-01 18:20:21', '2014-06-01 21:20:22', 10800, '', '', '', 4807986, 16764795, 'rop_p', 'CC:AF:78:A3:6B:FD', 'Session-Timeout', '', '', '10.155.255.235', 0, 0, '', ''),
(65, '80300009', '7f633f29b3a1aff1', 'a9wr6b', '', '', '192.168.100.50', '2150629385', 'Wireless-802.11', '2014-06-01 19:08:43', '2014-06-01 22:08:43', 10800, '', '', '', 26420025, 1229320377, 'rop_a', '9C:B7:0D:EF:E0:F8', 'Session-Timeout', '', '', '10.150.255.224', 0, 0, '', ''),
(66, '8030000a', '4f075a74e92ad3a3', 'a9wr6b', '', '', '192.168.100.50', '2150629386', 'Wireless-802.11', '2014-06-01 22:43:52', '2014-06-02 00:07:25', 5013, '', '', '', 3331253, 223705596, 'rop_a', '9C:B7:0D:EF:E0:F8', 'Lost-Service', '', '', '10.150.255.224', 0, 0, '', ''),
(67, '8030000b', 'f4da725ebbcd4e82', '8awp9a', '', '', '192.168.100.50', '2150629387', 'Wireless-802.11', '2014-06-02 05:58:42', '2014-06-02 07:42:55', 6253, '', '', '', 9207333, 144775404, 'rop_a', '54:AE:27:53:70:3B', 'Lost-Service', '', '', '10.150.255.194', 0, 0, '', ''),
(68, '8030000c', 'a647723a47f9648c', '10mxok', '', '', '192.168.100.50', '2150629388', 'Wireless-802.11', '2014-06-02 09:34:17', '2014-06-02 10:18:05', 2628, '', '', '', 906548, 5313013, 'rop_a', '88:CB:87:E6:95:C3', 'Lost-Service', '', '', '10.150.255.186', 0, 0, '', ''),
(69, '8030000d', '3470178c69b38756', 'liy9ud', '', '', '192.168.100.50', '2150629389', 'Wireless-802.11', '2014-06-02 13:42:15', '2014-06-02 16:42:16', 10800, '', '', '', 11929297, 104807522, 'rop_a', '8C:3A:E3:1A:0B:31', 'Session-Timeout', '', '', '10.150.255.165', 0, 0, '', ''),
(70, '8030000e', '19bc95bb96b169b8', 'liy9ud', '', '', '192.168.100.50', '2150629390', 'Wireless-802.11', '2014-06-02 16:52:03', '2014-06-02 18:07:00', 4496, '', '', '', 4714934, 30946860, 'rop_a', '8C:3A:E3:1A:0B:31', 'Lost-Service', '', '', '10.150.255.165', 0, 0, '', ''),
(71, '8050000d', 'f2d74633e1fd6e0f', 'szxYd1', '', '', '192.168.100.1', '2152726541', 'Wireless-802.11', '2014-06-02 20:22:30', '2014-06-02 23:22:31', 10800, '', '', '', 23021673, 12637148, 'rop_p', 'BC:77:37:95:93:AE', 'Session-Timeout', '', '', '10.155.255.243', 0, 0, '', ''),
(72, '80100000', '06c14ffc7b64cf64', '0m7g3o', '', '', '192.168.100.51', '2148532224', 'Wireless-802.11', '2014-06-03 00:29:32', '2014-06-03 01:35:57', 3984, '', '', '', 168696, 1637624, 'rop_c1', '70:DE:E2:9D:FC:79', 'Lost-Service', '', '', '10.151.255.244', 0, 0, '', ''),
(73, '8030000f', '42df9dbc82015e86', 'rbhd6i', '', '', '192.168.100.50', '2150629391', 'Wireless-802.11', '2014-06-03 06:08:22', '2014-06-03 07:38:12', 5390, '', '', '', 1424461, 19059252, 'rop_a', 'A4:67:06:90:04:B6', 'Lost-Service', '', '', '10.150.255.142', 0, 0, '', ''),
(74, '80300010', '0e24af434b5360be', 'zv5dwi', '', '', '192.168.100.50', '2150629392', 'Wireless-802.11', '2014-06-03 06:11:57', '2014-06-03 09:11:57', 10800, '', '', '', 72275581, 40936505, 'rop_a', '18:34:51:59:F4:14', 'Session-Timeout', '', '', '10.150.255.143', 0, 0, '', ''),
(75, '80100000', 'b28e4cf418053b48', 'eedmpg', '', '', '192.168.100.52', '2148532224', 'Wireless-802.11', '2014-06-03 06:29:03', '2014-06-03 08:33:15', 3850, '', '', '', 15615784, 45246005, 'rop_c2', '9C:B7:0D:F8:EF:9B', 'Idle-Timeout', '', '', '10.152.255.232', 0, 0, '', ''),
(76, '80100001', 'd43232d454dff7a4', '2y9vfe', '', '', '192.168.100.51', '2148532225', 'Wireless-802.11', '2014-06-03 06:35:27', '2014-06-03 09:35:28', 10800, '', '', '', 482460, 8251056, 'rop_c1', 'C8:6F:1D:C8:CF:68', 'Session-Timeout', '', '', '10.151.255.241', 0, 0, '', ''),
(77, '80300011', '98b5f9bcdab4b740', 'rbhd6i', '', '', '192.168.100.50', '2150629393', 'Wireless-802.11', '2014-06-03 06:47:42', '2014-06-03 07:27:11', 2369, '', '', '', 626739, 13645183, 'rop_a', 'F0:F6:1C:34:5B:0C', 'Lost-Service', '', '', '10.150.255.141', 0, 0, '', ''),
(78, '80300012', '9223bb1496a135cd', 's145bf', '', '', '192.168.100.50', '2150629394', 'Wireless-802.11', '2014-06-03 07:15:51', '2014-06-03 08:08:52', 3181, '', '', '', 481122, 11786751, 'rop_a', 'C8:6F:1D:C8:0C:B7', 'Lost-Service', '', '', '10.150.255.139', 0, 0, '', ''),
(79, '80300013', 'aa80d1fc27576733', 'rs7ecz', '', '', '192.168.100.50', '2150629395', 'Wireless-802.11', '2014-06-03 07:42:30', '2014-06-03 08:37:12', 3282, '', '', '', 4974591, 16568498, 'rop_a', '84:3A:4B:D2:AB:BC', 'Lost-Service', '', '', '10.150.255.137', 0, 0, '', ''),
(80, '80300014', '9f42f6afcda568b2', '2ebx1h', '', '', '192.168.100.50', '2150629396', 'Wireless-802.11', '2014-06-03 07:49:10', '2014-06-03 08:24:27', 2117, '', '', '', 444350, 2598146, 'rop_a', 'BC:92:6B:0C:FB:F4', 'Lost-Service', '', '', '10.150.255.135', 0, 0, '', ''),
(81, '80300015', '11278e846c6a0ecd', '2p5rwt', '', '', '192.168.100.50', '2150629397', 'Wireless-802.11', '2014-06-03 07:51:10', '2014-06-03 08:32:28', 2477, '', '', '', 458578, 1142762, 'rop_a', '78:A3:E4:1B:1F:21', 'Lost-Service', '', '', '10.150.255.134', 0, 0, '', ''),
(82, '8050000e', '26fff9dc0be77869', 'szxYd1', '', '', '192.168.100.1', '2152726542', 'Wireless-802.11', '2014-06-03 08:43:51', '2014-06-03 09:56:29', 4357, '', '', '', 342931, 3193788, 'rop_p', 'E0:CA:94:5E:52:55', 'Lost-Service', '', '', '10.155.255.224', 0, 0, '', ''),
(83, '80300016', '40e75a4d9d7708c6', '6sovkw', '', '', '192.168.100.50', '2150629398', 'Wireless-802.11', '2014-06-03 08:46:51', '2014-06-03 11:46:52', 10800, '', '', '', 9277547, 75802530, 'rop_a', '40:25:C2:DA:22:A8', 'Session-Timeout', '', '', '10.150.255.132', 0, 0, '', ''),
(84, '80300017', 'd9f431e0635e4268', '67pf06', '', '', '192.168.100.50', '2150629399', 'Wireless-802.11', '2014-06-03 08:47:50', '2014-06-03 11:18:25', 9035, '', '', '', 13304827, 107401155, 'rop_a', '44:2A:60:FA:D1:54', 'Lost-Service', '', '', '10.150.255.130', 0, 0, '', ''),
(85, '80300018', '47b6294d4e0e9d72', '5kvhy8', '', '', '192.168.100.50', '2150629400', 'Wireless-802.11', '2014-06-03 09:16:14', '2014-06-03 10:54:44', 5911, '', '', '', 189549, 539175, 'rop_a', '94:EB:CD:AA:01:C3', 'Lost-Service', '', '', '10.150.255.127', 0, 0, '', ''),
(86, '80300019', '0324017123f12859', 'fl5vb8', '', '', '192.168.100.50', '2150629401', 'Wireless-802.11', '2014-06-03 09:19:21', '2014-06-03 10:27:29', 4088, '', '', '', 228606, 422703, 'rop_a', '48:9D:24:88:07:2A', 'Lost-Service', '', '', '10.150.255.126', 0, 0, '', ''),
(87, '8030001a', 'f3dbf2882190bfa1', 'q5uhjx', '', '', '192.168.100.50', '2150629402', 'Wireless-802.11', '2014-06-03 09:23:48', '2014-06-03 10:23:35', 3587, '', '', '', 3741835, 68533034, 'rop_a', 'B8:F6:B1:1B:DA:C5', 'Lost-Service', '', '', '10.150.255.125', 0, 0, '', ''),
(88, '8030001b', '7e4e34eab345ad9e', 'fl5vb8', '', '', '192.168.100.50', '2150629403', 'Wireless-802.11', '2014-06-03 09:33:36', '2014-06-03 10:56:25', 4968, '', '', '', 268152, 1307751, 'rop_a', 'C0:63:94:75:AF:1A', 'Lost-Service', '', '', '10.150.255.124', 0, 0, '', ''),
(89, '8030001c', '73f18c847e88f6fd', '5kvhy8', '', '', '192.168.100.50', '2150629404', 'Wireless-802.11', '2014-06-03 09:34:27', '2014-06-03 10:55:05', 4837, '', '', '', 6101115, 1911889, 'rop_a', '04:F7:E4:56:4F:33', 'Lost-Service', '', '', '10.150.255.123', 0, 0, '', ''),
(90, '8030001d', '6343ada34e60942b', '3at3fx', '', '', '192.168.100.50', '2150629405', 'Wireless-802.11', '2014-06-03 09:47:32', '2014-06-03 10:54:21', 4008, '', '', '', 9116721, 28835274, 'rop_a', 'E4:98:D6:05:E9:7A', 'Lost-Service', '', '', '10.150.255.122', 0, 0, '', ''),
(91, '8030001e', '72293f3f363dc5af', 'z2t4vj', '', '', '192.168.100.50', '2150629406', 'Wireless-802.11', '2014-06-03 10:09:19', '2014-06-03 11:01:47', 3148, '', '', '', 551742, 607924, 'rop_a', '84:3A:4B:A1:01:04', 'Lost-Service', '', '', '10.150.255.120', 0, 0, '', ''),
(92, '80100001', '395773b0fe016b8f', '66r8vm', '', '', '192.168.100.52', '2148532225', 'Wireless-802.11', '2014-06-03 10:13:45', '2014-06-03 11:18:20', 3874, '', '', '', 1157845, 7363096, 'rop_c2', '6C:88:14:23:A9:E0', 'Lost-Service', '', '', '10.152.255.218', 0, 0, '', ''),
(93, '8030001f', '25715f74ec5eb8a2', 'qrkzqs', '', '', '192.168.100.50', '2150629407', 'Wireless-802.11', '2014-06-03 10:13:59', '2014-06-03 12:05:03', 6664, '', '', '', 4876816, 29530680, 'rop_a', '10:68:3F:36:CD:76', 'Lost-Service', '', '', '10.150.255.117', 0, 0, '', ''),
(94, '80300020', 'b1846a833f737791', 'w7eujv', '', '', '192.168.100.50', '2150629408', 'Wireless-802.11', '2014-06-03 10:14:38', '2014-06-03 12:27:47', 7988, '', '', '', 5437100, 65516584, 'rop_a', '44:2A:60:FB:49:2E', 'Lost-Service', '', '', '10.150.255.116', 0, 0, '', ''),
(95, '80300021', 'f5a355d813818207', 'jwsusd', '', '', '192.168.100.50', '2150629409', 'Wireless-802.11', '2014-06-03 10:16:55', '2014-06-03 12:03:16', 6381, '', '', '', 7640646, 66830184, 'rop_a', '8C:3A:E3:6D:EA:A0', 'Lost-Service', '', '', '10.150.255.115', 0, 0, '', ''),
(96, '80100002', 'da111d69d476c3c4', '79n4js', '', '', '192.168.100.52', '2148532226', 'Wireless-802.11', '2014-06-03 10:18:08', '2014-06-03 13:18:08', 10800, '', '', '', 3975598, 34958131, 'rop_c2', '78:1C:5A:E4:25:EB', 'Session-Timeout', '', '', '10.152.255.216', 0, 0, '', ''),
(97, '80100003', '68727e7de1c51241', '6g4x4m', '', '', '192.168.100.52', '2148532227', 'Wireless-802.11', '2014-06-03 11:39:12', '2014-06-03 13:00:39', 1286, '', '', '', 401313112, 201154193, 'rop_c2', '20:C9:D0:B3:33:29', 'Idle-Timeout', '', '', '10.152.255.209', 0, 0, '', ''),
(98, '80100004', 'd40b02fec60faa59', 'lpwjb3', '', '', '192.168.100.52', '2148532228', 'Wireless-802.11', '2014-06-03 12:09:47', '2014-06-03 13:22:20', 752, '', '', '', 2203861, 9703066, 'rop_c2', 'B4:18:D1:AB:22:BD', 'Idle-Timeout', '', '', '10.152.255.208', 0, 0, '', ''),
(99, '80100005', '635e963f7569c6b4', '2ung5i', '', '', '192.168.100.52', '2148532229', 'Wireless-802.11', '2014-06-03 12:25:32', '2014-06-03 13:40:03', 4471, '', '', '', 5107079, 17971628, 'rop_c2', 'C8:F7:33:56:2A:A2', 'Lost-Service', '', '', '10.152.255.207', 0, 0, '', ''),
(100, '80300022', 'e8ff04e37e9cf8e0', '3i6pcc', '', '', '192.168.100.50', '2150629410', 'Wireless-802.11', '2014-06-03 14:03:15', '2014-06-03 17:03:16', 10800, '', '', '', 5015316, 92805452, 'rop_a', '78:A3:E4:BA:6A:5A', 'Session-Timeout', '', '', '10.150.255.101', 0, 0, '', ''),
(101, '80300023', '49bdd0c75f3fb207', 'fo4xj6', '', '', '192.168.100.50', '2150629411', 'Wireless-802.11', '2014-06-03 15:04:31', '2014-06-03 17:49:58', 9926, '', '', '', 2588597, 32696524, 'rop_a', 'BC:92:6B:32:74:CA', 'Lost-Service', '', '', '10.150.255.96', 0, 0, '', ''),
(102, '80300024', '79fef486a8863311', 'fo4xj6', '', '', '192.168.100.50', '2150629412', 'Wireless-802.11', '2014-06-03 15:13:39', '2014-06-03 17:51:52', 9492, '', '', '', 6438546, 70362356, 'rop_a', '24:AB:81:9C:88:04', 'Lost-Service', '', '', '10.150.255.95', 0, 0, '', ''),
(103, '80300025', '70a65b558ea8600f', 'ue7lud', '', '', '192.168.100.50', '2150629413', 'Wireless-802.11', '2014-06-03 16:04:45', '2014-06-03 17:31:04', 5179, '', '', '', 3812653, 33274561, 'rop_a', '00:22:FB:63:29:68', 'Lost-Service', '', '', '10.150.255.91', 0, 0, '', ''),
(104, '8050000f', 'd723230685f41994', 'szxYd1', '', '', '192.168.100.1', '2152726543', 'Wireless-802.11', '2014-06-03 17:13:53', '2014-06-03 18:44:15', 5422, '', '', '', 40279534, 787036470, 'rop_p', 'BC:77:37:95:93:AE', 'Lost-Service', '', '', '10.155.255.243', 0, 0, '', ''),
(105, '80500010', '3231682653c4d5a8', 'szxYd1', '', '', '192.168.100.1', '2152726544', 'Wireless-802.11', '2014-06-03 19:05:12', '2014-06-03 21:21:50', 8199, '', '', '', 55463226, 1220445132, 'rop_p', 'BC:77:37:95:93:AE', 'Lost-Service', '', '', '10.155.255.243', 0, 0, '', ''),
(106, '80100002', '97b04a09f24b3e35', '4es03l', '', '', '192.168.100.51', '2148532226', 'Wireless-802.11', '2014-06-03 23:22:51', '2014-06-04 00:29:58', 4026, '', '', '', 8555398, 9042624, 'rop_c1', 'EC:35:86:89:9E:10', 'Lost-Service', '', '', '10.151.255.189', 0, 0, '', ''),
(107, '80500011', '5c91acc7100dafaf', 'szxYd1', '', '', '192.168.100.1', '2152726545', 'Wireless-802.11', '2014-06-04 00:32:43', '2014-06-04 02:16:06', 6202, '', '', '', 4602648, 21419707, 'rop_p', 'BC:77:37:95:93:AE', 'Lost-Service', '', '', '10.155.255.243', 0, 0, '', ''),
(108, '80500012', '87dc85cd5c31bffc', 'szxYd1', '', '', '192.168.100.1', '2152726546', 'Wireless-802.11', '2014-06-04 02:19:31', '2014-06-04 05:19:32', 10800, '', '', '', 4327188, 9266624, 'rop_p', 'BC:77:37:95:93:AE', 'Session-Timeout', '', '', '10.155.255.223', 0, 0, '', ''),
(109, '80300026', '2c699740cea33ff6', 'li2gyu', '', '', '192.168.100.50', '2150629414', 'Wireless-802.11', '2014-06-04 05:58:43', '2014-06-04 07:47:31', 6527, '', '', '', 2074144, 36465819, 'rop_a', 'C0:63:94:25:6F:FE', 'Lost-Service', '', '', '10.150.255.76', 0, 0, '', ''),
(110, '80300027', '7a298b2ffad6078f', 'li2gyu', '', '', '192.168.100.50', '2150629415', 'Wireless-802.11', '2014-06-04 06:00:38', '2014-06-04 07:47:24', 6405, '', '', '', 2133244, 33236121, 'rop_a', '54:EA:A8:40:09:7B', 'Lost-Service', '', '', '10.150.255.75', 0, 0, '', ''),
(111, '80300028', '7ef0e8b874719643', 'aleu91', '', '', '192.168.100.50', '2150629416', 'Wireless-802.11', '2014-06-04 06:37:26', '2014-06-04 07:50:28', 4381, '', '', '', 272268, 6087780, 'rop_a', '08:70:45:18:06:C5', 'Lost-Service', '', '', '10.150.255.72', 0, 0, '', ''),
(112, '80300029', 'f41c35ff29e7a83e', 'h9ziah', '', '', '192.168.100.50', '2150629417', 'Wireless-802.11', '2014-06-04 06:48:22', '2014-06-04 07:26:51', 2308, '', '', '', 1685247, 3754232, 'rop_a', '00:1B:B1:4C:70:16', 'Lost-Service', '', '', '10.150.255.69', 0, 0, '', ''),
(113, '8030002a', 'f25482f5102ec312', 'h9ziah', '', '', '192.168.100.50', '2150629418', 'Wireless-802.11', '2014-06-04 10:26:53', NULL, 0, '', '', '', 0, 0, 'rop_a', '48:60:BC:DA:FF:5C', '', '', '', '10.150.255.58', 0, 0, '', '');

-- --------------------------------------------------------

--
-- โครงสร้างตาราง `radacct_hist`
--

CREATE TABLE IF NOT EXISTS `radacct_hist` (
  `radacctid` bigint(21) NOT NULL AUTO_INCREMENT,
  `acctsessionid` varchar(64) NOT NULL DEFAULT '',
  `acctuniqueid` varchar(32) NOT NULL DEFAULT '',
  `username` varchar(64) NOT NULL DEFAULT '',
  `groupname` varchar(64) NOT NULL DEFAULT '',
  `realm` varchar(64) DEFAULT '',
  `nasipaddress` varchar(15) NOT NULL DEFAULT '',
  `nasportid` varchar(15) DEFAULT NULL,
  `nasporttype` varchar(32) DEFAULT NULL,
  `acctstarttime` datetime DEFAULT NULL,
  `acctstoptime` datetime DEFAULT NULL,
  `acctsessiontime` int(12) DEFAULT NULL,
  `acctauthentic` varchar(32) DEFAULT NULL,
  `connectinfo_start` varchar(50) DEFAULT NULL,
  `connectinfo_stop` varchar(50) DEFAULT NULL,
  `acctinputoctets` bigint(20) DEFAULT NULL,
  `acctoutputoctets` bigint(20) DEFAULT NULL,
  `calledstationid` varchar(50) NOT NULL DEFAULT '',
  `callingstationid` varchar(50) NOT NULL DEFAULT '',
  `acctterminatecause` varchar(32) NOT NULL DEFAULT '',
  `servicetype` varchar(32) DEFAULT NULL,
  `framedprotocol` varchar(32) DEFAULT NULL,
  `framedipaddress` varchar(15) NOT NULL DEFAULT '',
  `acctstartdelay` int(12) DEFAULT NULL,
  `acctstopdelay` int(12) DEFAULT NULL,
  `xascendsessionsvrkey` varchar(10) DEFAULT NULL,
  `hotspot_macadd` varchar(50) NOT NULL,
  `backup_date` datetime NOT NULL,
  PRIMARY KEY (`radacctid`),
  KEY `acctsessionid` (`acctsessionid`),
  KEY `acctsessiontime` (`acctsessiontime`),
  KEY `acctstarttime` (`acctstarttime`),
  KEY `acctstoptime` (`acctstoptime`),
  KEY `acctuniqueid` (`acctuniqueid`),
  KEY `framedipaddress` (`framedipaddress`),
  KEY `nasipaddress` (`nasipaddress`),
  KEY `username` (`username`)
) ENGINE=MyISAM  DEFAULT CHARSET=utf8 ROW_FORMAT=COMPACT AUTO_INCREMENT=69 ;

--
-- dump ตาราง `radacct_hist`
--

INSERT INTO `radacct_hist` (`radacctid`, `acctsessionid`, `acctuniqueid`, `username`, `groupname`, `realm`, `nasipaddress`, `nasportid`, `nasporttype`, `acctstarttime`, `acctstoptime`, `acctsessiontime`, `acctauthentic`, `connectinfo_start`, `connectinfo_stop`, `acctinputoctets`, `acctoutputoctets`, `calledstationid`, `callingstationid`, `acctterminatecause`, `servicetype`, `framedprotocol`, `framedipaddress`, `acctstartdelay`, `acctstopdelay`, `xascendsessionsvrkey`, `hotspot_macadd`, `backup_date`) VALUES
(1, '80400003', 'aaa7a7b23221916f', 'OFfSHK', '', '', '192.168.1.100', '2151677955', 'Wireless-802.11', '2014-05-20 21:37:48', '2014-05-20 21:38:48', 60, '', '', '', 80309, 561457, 'hotspot1', '90:18:7C:1B:8B:6E', 'Session-Timeout', '', '', '192.168.11.252', 0, 0, '', '', '0000-00-00 00:00:00'),
(2, '80400004', '6a28d5549b1d1421', 'OFfSHK', '', '', '192.168.1.100', '2151677956', 'Wireless-802.11', '2014-05-20 21:41:31', '2014-05-20 21:50:24', 233, '', '', '', 435091, 2380082, 'hotspot1', '90:18:7C:1B:8B:6E', 'Idle-Timeout', '', '', '192.168.11.252', 0, 0, '', '', '0000-00-00 00:00:00'),
(3, '80400005', '71b0185751b5cf63', '4plzJk', '', '', '192.168.1.100', '2151677957', 'Wireless-802.11', '2014-05-20 21:55:31', '2014-05-20 21:56:31', 60, '', '', '', 128261, 659369, 'hotspot1', '90:18:7C:1B:8B:6E', 'Session-Timeout', '', '', '192.168.11.252', 0, 0, '', '', '0000-00-00 00:00:00'),
(4, '80400006', 'b01e307ace226838', '4plzJk', '', '', '192.168.1.100', '2151677958', 'Wireless-802.11', '2014-05-20 21:57:19', '2014-05-20 21:58:19', 60, '', '', '', 113739, 357171, 'hotspot1', '90:18:7C:1B:8B:6E', 'Session-Timeout', '', '', '192.168.11.252', 0, 0, '', '', '0000-00-00 00:00:00'),
(5, '80400000', '077a2820ce8ae16a', 'OFfSHK', '', '', '182.52.81.163', '2151677952', 'Wireless-802.11', '2014-05-22 16:44:31', '2014-05-22 16:45:31', 60, '', '', '', 126169, 4866801, 'hotspot1', 'E8:40:F2:97:B5:7C', 'Session-Timeout', '', '', '172.16.1.252', 0, 0, '', '', '0000-00-00 00:00:00'),
(6, '80400001', 'ac0c042167b711bb', 'OFfSHK', '', '', '182.52.81.163', '2151677953', 'Wireless-802.11', '2014-05-22 16:46:35', '2014-05-22 16:47:35', 60, '', '', '', 226965, 3316291, 'hotspot1', 'E8:40:F2:97:B5:7C', 'Session-Timeout', '', '', '172.16.1.252', 0, 0, '', '', '0000-00-00 00:00:00'),
(7, '80300000', '3462712ce8f7c98a', '0Y49QZ', '', '', '192.168.1.36', '2150629376', 'Wireless-802.11', '2014-05-25 21:25:31', '2014-05-25 21:26:31', 60, '', '', '', 236048, 2454312, 'hotspot1', '20:68:9D:19:5C:03', 'Session-Timeout', '', '', '192.168.10.252', 0, 0, '', '', '0000-00-00 00:00:00'),
(8, '80300001', 'a336236682422c1a', 'KqdOnm', '', '', '192.168.1.36', '2150629377', 'Wireless-802.11', '2014-05-25 21:46:09', '2014-05-25 21:47:09', 60, '', '', '', 78896, 142003, 'hotspot1', '20:68:9D:19:5C:03', 'Session-Timeout', '', '', '192.168.10.252', 0, 0, '', '', '0000-00-00 00:00:00'),
(9, '80300002', 'dd22ec12115fe90e', 'KqdOnm', '', '', '192.168.1.36', '2150629378', 'Wireless-802.11', '2014-05-25 21:50:19', '2014-05-25 21:51:19', 60, '', '', '', 75876, 115050, 'hotspot1', '20:68:9D:19:5C:03', 'Session-Timeout', '', '', '192.168.10.252', 0, 0, '', '', '0000-00-00 00:00:00'),
(10, '80300003', 'c1006409de412c2b', '0Y49QZ', '', '', '192.168.1.36', '2150629379', 'Wireless-802.11', '2014-05-25 21:54:56', '2014-05-25 21:55:56', 60, '', '', '', 397501, 3471352, 'hotspot1', '20:68:9D:19:5C:03', 'Session-Timeout', '', '', '192.168.10.252', 0, 0, '', '', '0000-00-00 00:00:00'),
(11, '80300004', 'b720423375370ffa', '0Y49QZ', '', '', '192.168.1.36', '2150629380', 'Wireless-802.11', '2014-05-25 21:57:00', '2014-05-25 21:58:00', 60, '', '', '', 159668, 777646, 'hotspot1', '20:68:9D:19:5C:03', 'Session-Timeout', '', '', '192.168.10.252', 0, 0, '', '', '0000-00-00 00:00:00'),
(12, '80300005', 'a99d0c793bc13720', '0Y49QZ', '', '', '192.168.1.36', '2150629381', 'Wireless-802.11', '2014-05-25 21:58:35', '2014-05-25 21:59:35', 60, '', '', '', 151915, 488757, 'hotspot1', '20:68:9D:19:5C:03', 'Session-Timeout', '', '', '192.168.10.252', 0, 0, '', '', '0000-00-00 00:00:00'),
(13, '80300006', 'fb08f9e3d51b5cd8', '0Y49QZ', '', '', '192.168.1.36', '2150629382', 'Wireless-802.11', '2014-05-25 22:00:29', '2014-05-25 22:01:29', 60, '', '', '', 276433, 923494, 'hotspot1', '20:68:9D:19:5C:03', 'Session-Timeout', '', '', '192.168.10.252', 0, 0, '', '', '0000-00-00 00:00:00'),
(14, '80500005', '1d81e4aa0e0c3f2b', 'SQ5Dui', '', '', '192.168.100.50', '2152726533', 'Wireless-802.11', '2014-05-28 12:39:37', '2014-05-28 12:40:37', 60, '', '', '', 87557, 236540, 'hotspot1', 'B8:88:E3:7B:46:B9', 'Session-Timeout', '', '', '10.150.255.251', 0, 0, '', '', '0000-00-00 00:00:00'),
(15, '80500006', '03fd24fb839ff65b', 'SQ5Dui', '', '', '192.168.100.50', '2152726534', 'Wireless-802.11', '2014-05-28 12:41:42', '2014-05-28 12:42:42', 60, '', '', '', 61722, 89277, 'hotspot1', 'B8:88:E3:7B:46:B9', 'Session-Timeout', '', '', '10.150.255.251', 0, 0, '', '', '0000-00-00 00:00:00'),
(16, '80500007', 'a5cfaf7c6bd6138c', 'SQ5Dui', '', '', '192.168.100.50', '2152726535', 'Wireless-802.11', '2014-05-28 12:53:11', '2014-05-28 12:54:11', 60, '', '', '', 65635, 98057, 'hotspot1', 'B8:88:E3:7B:46:B9', 'Session-Timeout', '', '', '10.150.255.251', 0, 0, '', '', '0000-00-00 00:00:00'),
(17, '80500008', 'b8730e979fec3d4a', 'SQ5Dui', '', '', '192.168.100.50', '2152726536', 'Wireless-802.11', '2014-05-28 12:56:42', '2014-05-28 12:57:42', 60, '', '', '', 84510, 524576, 'hotspot1', 'B8:88:E3:7B:46:B9', 'Session-Timeout', '', '', '10.150.255.251', 0, 0, '', '', '0000-00-00 00:00:00'),
(18, '80500009', '71674c4053b070d2', 'SQ5Dui', '', '', '192.168.100.50', '2152726537', 'Wireless-802.11', '2014-05-28 13:07:29', '2014-05-28 13:08:29', 60, '', '', '', 66009, 388403, 'hotspot1', '90:18:7C:1B:8B:6E', 'Session-Timeout', '', '', '10.150.255.246', 0, 0, '', '', '0000-00-00 00:00:00'),
(19, '8050000a', 'ce97d7e75daa2fd7', 'HR4PXD', '', '', '192.168.100.50', '2152726538', 'Wireless-802.11', '2014-05-28 13:10:31', '2014-05-28 13:11:31', 60, '', '', '', 232136, 2908609, 'hotspot1', 'DC:2B:61:22:75:17', 'Session-Timeout', '', '', '10.150.255.247', 0, 0, '', '', '0000-00-00 00:00:00'),
(20, '8050000b', '8df2e9a6d20ebc19', 'XLCH2a', '', '', '192.168.100.50', '2152726539', 'Wireless-802.11', '2014-05-28 13:11:48', '2014-05-28 13:12:29', 41, '', '', '', 80266, 119232, 'hotspot1', '90:18:7C:1B:8B:6E', 'User-Request', '', '', '10.150.255.246', 0, 0, '', '', '0000-00-00 00:00:00'),
(21, '8050000c', 'cea7d6c252e9e5c4', 'HR4PXD', '', '', '192.168.100.50', '2152726540', 'Wireless-802.11', '2014-05-28 13:45:58', '2014-05-28 13:46:58', 60, '', '', '', 92549, 894024, 'hotspot1', '20:C9:D0:44:24:C7', 'Session-Timeout', '', '', '10.150.255.244', 0, 0, '', '', '0000-00-00 00:00:00'),
(22, '8050000d', '2b5ec8b1b2434978', 'HR4PXD', '', '', '192.168.100.50', '2152726541', 'Wireless-802.11', '2014-05-28 13:47:54', '2014-05-28 13:48:54', 60, '', '', '', 65621, 279105, 'hotspot1', '20:C9:D0:44:24:C7', 'Session-Timeout', '', '', '10.150.255.244', 0, 0, '', '', '0000-00-00 00:00:00'),
(23, '8050000e', '73fda3d9e0fed308', 'szxYd1', '', '', '192.168.100.50', '2152726542', 'Wireless-802.11', '2014-05-28 16:45:35', '2014-05-28 17:06:29', 953, '', '', '', 4449688, 7116904, 'hotspot1', 'DC:2B:61:22:75:17', 'Idle-Timeout', '', '', '10.150.255.238', 0, 0, '', '', '0000-00-00 00:00:00'),
(24, '8050000f', 'a57a9fb788e32ae5', 'szxYd1', '', '', '192.168.100.50', '2152726543', 'Wireless-802.11', '2014-05-28 19:32:30', '2014-05-28 19:34:29', 119, '', '', '', 48439, 125092, 'hotspot1', '90:18:7C:1B:8B:6E', 'User-Request', '', '', '10.150.255.246', 0, 0, '', '', '0000-00-00 00:00:00'),
(25, '80500010', 'f007ccf40031a80b', 'szxYd1', '', '', '192.168.100.50', '2152726544', 'Wireless-802.11', '2014-05-28 19:35:51', '2014-05-28 19:36:05', 14, '', '', '', 25986, 29629, 'hotspot1', '90:18:7C:1B:8B:6E', 'User-Request', '', '', '10.150.255.246', 0, 0, '', '', '0000-00-00 00:00:00'),
(26, '80500011', '4c4673316c7eca53', 'szxYd1', '', '', '192.168.100.50', '2152726545', 'Wireless-802.11', '2014-05-28 19:38:22', '2014-05-28 19:42:09', 226, '', '', '', 170925, 2887842, 'hotspot1', 'BC:EE:7B:D5:4E:9F', 'User-Request', '', '', '10.150.255.243', 0, 0, '', '', '0000-00-00 00:00:00'),
(27, '80500012', '78eff7408ed72ba8', 'szxYd1', '', '', '192.168.100.50', '2152726546', 'Wireless-802.11', '2014-05-28 19:42:57', '2014-05-28 21:03:09', 4812, '', '', '', 10081217, 45620967, 'hotspot1', '68:9C:70:20:B2:A2', 'Admin-Reset', '', '', '10.150.255.232', 0, 0, '', '', '0000-00-00 00:00:00'),
(28, '80500013', 'caef85bafe032e22', 'szxYd1', '', '', '192.168.100.50', '2152726547', 'Wireless-802.11', '2014-05-28 19:43:53', '2014-05-28 19:43:58', 6, '', '', '', 10065, 28576, 'hotspot1', 'BC:EE:7B:D5:4E:9F', 'User-Request', '', '', '10.150.255.243', 0, 0, '', '', '0000-00-00 00:00:00'),
(29, '80500014', '337458f3883b217b', 'szxYd1', '', '', '192.168.100.50', '2152726548', 'Wireless-802.11', '2014-05-28 19:44:15', '2014-05-28 19:57:42', 808, '', '', '', 320216, 2781071, 'hotspot1', '04:F7:E4:CD:BE:15', 'Lost-Service', '', '', '10.150.255.234', 0, 0, '', '', '0000-00-00 00:00:00'),
(30, '80500015', '9cdf3a6c295ee3a5', 'szxYd1', '', '', '192.168.100.50', '2152726549', 'Wireless-802.11', '2014-05-28 19:46:54', '2014-05-28 21:03:09', 4574, '', '', '', 24967760, 109422851, 'hotspot1', 'D0:22:BE:85:04:A7', 'Admin-Reset', '', '', '10.150.255.231', 0, 0, '', '', '0000-00-00 00:00:00'),
(31, '80500016', '3cc11ca43c1310fd', 'SQ5Dui', '', '', '192.168.100.50', '2152726550', 'Wireless-802.11', '2014-05-28 19:50:55', '2014-05-28 20:10:09', 1155, '', '', '', 1391704, 12090251, 'hotspot1', '24:FD:52:5F:EE:61', 'Lost-Service', '', '', '10.150.255.235', 0, 0, '', '', '0000-00-00 00:00:00'),
(32, '80500017', '12cd2cf9e4762bdd', 'szxYd1', '', '', '192.168.100.50', '2152726551', 'Wireless-802.11', '2014-05-28 20:14:20', '2014-05-28 21:03:09', 2929, '', '', '', 2242829, 102989509, 'hotspot1', '9C:B7:0D:EF:E0:F9', 'Admin-Reset', '', '', '10.150.255.233', 0, 0, '', '', '0000-00-00 00:00:00'),
(33, '80500018', '3807d85b38c425ef', 'szxYd1', '', '', '192.168.100.50', '2152726552', 'Wireless-802.11', '2014-05-28 20:19:06', '2014-05-28 21:03:09', 2642, '', '', '', 2180154, 109214596, 'hotspot1', '9C:B7:0D:EF:DE:95', 'Admin-Reset', '', '', '10.150.255.230', 0, 0, '', '', '0000-00-00 00:00:00'),
(34, '80500019', 'f17b77235631ffa2', 'SQ5Dui', '', '', '192.168.100.50', '2152726553', 'Wireless-802.11', '2014-05-28 20:26:07', '2014-05-28 21:01:49', 2142, '', '', '', 339797, 1412243, 'hotspot1', '24:FD:52:5F:EE:61', 'Lost-Service', '', '', '10.150.255.235', 0, 0, '', '', '0000-00-00 00:00:00'),
(35, '8050001a', 'c8b884bf19daad04', 'szxYd1', '', '', '192.168.100.50', '2152726554', 'Wireless-802.11', '2014-05-28 20:41:10', '2014-05-28 21:03:09', 1319, '', '', '', 591629, 32462120, 'hotspot1', '74:DE:2B:CD:4A:06', 'Admin-Reset', '', '', '10.150.255.229', 0, 0, '', '', '0000-00-00 00:00:00'),
(36, '8050001b', '2d218850d45f0c9a', 'szxYd1', '', '', '192.168.100.50', '2152726555', 'Wireless-802.11', '2014-05-28 21:11:13', '2014-05-28 21:11:49', 37, '', '', '', 25182, 293354, 'hotspot1', '9C:B7:0D:EF:DD:91', 'User-Request', '', '', '10.150.255.227', 0, 0, '', '', '0000-00-00 00:00:00'),
(37, '8050001c', 'd85c6e89c9f24330', 'szxYd1', '', '', '192.168.100.50', '2152726556', 'Wireless-802.11', '2014-05-28 21:13:01', '2014-05-28 21:17:50', 289, '', '', '', 86174, 768773, 'hotspot1', '74:DE:2B:CD:4A:06', 'User-Request', '', '', '10.150.255.229', 0, 0, '', '', '0000-00-00 00:00:00'),
(38, '8050001d', '317b3d34e7b7c5b3', 'szxYd1', '', '', '192.168.100.50', '2152726557', 'Wireless-802.11', '2014-05-28 21:15:14', '2014-05-28 21:42:27', 1633, '', '', '', 2297100, 133596814, 'hotspot1', '9C:B7:0D:EF:E0:F8', 'User-Request', '', '', '10.150.255.228', 0, 0, '', '', '0000-00-00 00:00:00'),
(39, '8050001e', '3f4fa20c47f381e9', 'szxYd1', '', '', '192.168.100.50', '2152726558', 'Wireless-802.11', '2014-05-28 21:18:07', '2014-05-28 21:18:35', 28, '', '', '', 11319, 63685, 'hotspot1', '74:DE:2B:CD:4A:06', 'User-Request', '', '', '10.150.255.229', 0, 0, '', '', '0000-00-00 00:00:00'),
(40, '8050001f', 'd5bc7d3027588016', 'szxYd1', '', '', '192.168.100.50', '2152726559', 'Wireless-802.11', '2014-05-28 21:18:49', '2014-05-28 21:32:36', 827, '', '', '', 112521, 1463792, 'hotspot1', '74:DE:2B:CD:4A:06', 'User-Request', '', '', '10.150.255.229', 0, 0, '', '', '0000-00-00 00:00:00'),
(41, '80500020', 'b4d9c5f5d63c5b19', 'szxYd1', '', '', '192.168.100.50', '2152726560', 'Wireless-802.11', '2014-05-28 21:41:55', '2014-05-28 21:51:21', 566, '', '', '', 676804, 34618183, 'hotspot1', '9C:B7:0D:EF:DD:91', 'User-Request', '', '', '10.150.255.227', 0, 0, '', '', '0000-00-00 00:00:00'),
(42, '80500021', '312eb2cc156dd50e', 'szxYd1', '', '', '192.168.100.50', '2152726561', 'Wireless-802.11', '2014-05-30 18:56:22', '2014-05-30 19:00:28', 246, '', '', '', 850648, 7842549, 'rop-a', '60:21:C0:2A:C2:45', 'User-Request', '', '', '10.150.255.213', 0, 0, '', '', '0000-00-00 00:00:00'),
(43, '80500000', 'a21020a83be3e04e', 'szxYd1', '', '', '192.168.100.1', '2152726528', 'Wireless-802.11', '2014-05-30 23:08:12', '2014-05-31 01:33:51', 8738, '', '', '', 36833792, 10762855, 'rop_p', 'BC:77:37:95:93:AE', 'Lost-Service', '', '', '10.155.255.243', 0, 0, '', '', '0000-00-00 00:00:00'),
(44, '80500022', '403fcf975108aea0', 'szxYd1', '', '', '192.168.100.50', '2152726562', 'Wireless-802.11', '2014-05-31 00:11:38', '2014-05-31 02:35:37', 5191, '', '', '', 3039696, 9227292, 'rop-a', '60:21:C0:2A:C2:45', 'Lost-Service', '', '', '10.150.255.213', 0, 0, '', '', '0000-00-00 00:00:00'),
(45, '80500023', '27cb3249e8cbe128', 'szxYd1', '', '', '192.168.100.50', '2152726563', 'Wireless-802.11', '2014-05-31 00:30:38', '2014-05-31 00:32:50', 132, '', '', '', 2312648, 4662799, 'rop-a', '9C:B7:0D:EF:E0:F8', 'User-Request', '', '', '10.150.255.228', 0, 0, '', '', '0000-00-00 00:00:00'),
(46, '80500024', '91263610599b92a8', 'szxYd1', '', '', '192.168.100.50', '2152726564', 'Wireless-802.11', '2014-05-31 00:50:50', '2014-05-31 00:57:04', 369, '', '', '', 6187419, 26547115, 'rop-a', '9C:B7:0D:EF:E0:F8', 'Lost-Service', '', '', '10.150.255.228', 0, 0, '', '', '0000-00-00 00:00:00'),
(47, '80500001', '93611799bc07512f', 'szxYd1', '', '', '192.168.100.1', '2152726529', 'Wireless-802.11', '2014-05-31 11:40:17', '2014-05-31 11:59:47', 1170, '', '', '', 17176043, 384422264, 'rop_p', 'BC:77:37:95:93:AE', 'Lost-Service', '', '', '10.155.255.243', 0, 0, '', '', '0000-00-00 00:00:00'),
(48, '80500002', 'ac5f8a4baf699eb6', 'szxYd1', '', '', '192.168.100.1', '2152726530', 'Wireless-802.11', '2014-05-31 12:35:06', '2014-05-31 15:35:06', 10800, '', '', '', 153570286, 4588162168, 'rop_p', 'BC:77:37:95:93:AE', 'Session-Timeout', '', '', '10.155.255.243', 0, 0, '', '', '0000-00-00 00:00:00'),
(49, '80500025', '4c768b53154017b8', 'cipkma', '', '', '192.168.100.50', '2152726565', 'Wireless-802.11', '2014-06-01 09:44:07', '2014-06-01 10:10:33', 1585, '', '', '', 1057277, 3831480, 'rop-a', '24:FD:52:5F:EE:61', 'Admin-Reboot', '', '', '10.150.255.235', 0, 0, '', '', '0000-00-00 00:00:00'),
(50, '80500003', '815f50a8bb675510', 'szxYd1', '', '', '192.168.100.1', '2152726531', 'Wireless-802.11', '2014-06-01 12:25:45', '2014-06-01 12:41:46', 961, '', '', '', 4502996, 69751141, 'rop_p', '00:EE:BD:9D:46:14', 'Lost-Service', '', '', '10.155.255.232', 0, 0, '', '', '0000-00-00 00:00:00'),
(51, '80500004', '327671c150b35646', 'szxYd1', '', '', '192.168.100.1', '2152726532', 'Wireless-802.11', '2014-06-01 12:26:57', '2014-06-01 14:57:54', 9057, '', '', '', 3533302, 30547108, 'rop_p', 'CC:AF:78:A3:6B:FD', 'Lost-Service', '', '', '10.155.255.236', 0, 0, '', '', '0000-00-00 00:00:00'),
(52, '80500005', '65993f68ee505814', 'szxYd1', '', '', '192.168.100.1', '2152726533', 'Wireless-802.11', '2014-06-01 12:47:37', '2014-06-01 15:47:38', 10800, '', '', '', 1851251, 3788671, 'rop_p', '48:D2:24:22:B2:35', 'Session-Timeout', '', '', '10.155.255.230', 0, 0, '', '', '0000-00-00 00:00:00'),
(53, '80300000', '81dd80f0e9a0601f', 's07va2', '', '', '192.168.100.50', '2150629376', 'Wireless-802.11', '2014-06-01 13:35:44', '2014-06-01 14:38:11', 146, '', '', '', 426075, 19116196, 'hotspot1', '5C:0A:5B:B5:C0:67', 'Idle-Timeout', '', '', '10.150.255.220', 0, 0, '', '', '0000-00-00 00:00:00'),
(54, '80300001', 'a94a8813453c5c3d', 's07va2', '', '', '192.168.100.50', '2150629377', 'Wireless-802.11', '2014-06-01 13:37:28', '2014-06-01 16:06:54', 8965, '', '', '', 376515, 2308939, 'hotspot1', 'A8:88:08:1E:94:C5', 'Lost-Service', '', '', '10.150.255.216', 0, 0, '', '', '0000-00-00 00:00:00'),
(55, '80300002', '877e9e358bc8faee', 'ztsolw', '', '', '192.168.100.50', '2150629378', 'Wireless-802.11', '2014-06-01 14:15:36', '2014-06-01 15:40:40', 5104, '', '', '', 52453, 231756, 'rop_a', 'F0:CB:A1:92:A7:AA', 'Lost-Service', '', '', '10.150.255.213', 0, 0, '', '', '0000-00-00 00:00:00'),
(56, '80300003', '657621ba9aaa8436', '0lvzzw', '', '', '192.168.100.50', '2150629379', 'Wireless-802.11', '2014-06-01 14:21:43', '2014-06-01 16:20:51', 7148, '', '', '', 278122, 2803104, 'rop_a', '9C:D2:1E:44:6C:BB', 'Lost-Service', '', '', '10.150.255.210', 0, 0, '', '', '0000-00-00 00:00:00'),
(57, '80300004', '5d860fa93174c67f', '9oq3w2', '', '', '192.168.100.50', '2150629380', 'Wireless-802.11', '2014-06-01 14:34:02', '2014-06-01 15:37:15', 193, '', '', '', 114223, 844636, 'rop_a', '00:EE:BD:9D:46:14', 'Idle-Timeout', '', '', '10.150.255.221', 0, 0, '', '', '0000-00-00 00:00:00'),
(58, '80300005', 'fcd8986cd2f4b4ac', 'ztsolw', '', '', '192.168.100.50', '2150629381', 'Wireless-802.11', '2014-06-01 14:39:17', '2014-06-01 16:03:06', 5029, '', '', '', 2148725, 10358668, 'rop_a', '24:77:03:DE:88:60', 'Lost-Service', '', '', '10.150.255.208', 0, 0, '', '', '0000-00-00 00:00:00'),
(59, '80500008', 'a9ec6719e1d1fd0e', 'szxYd1', '', '', '192.168.100.1', '2152726536', 'Wireless-802.11', '2014-06-01 14:58:19', '2014-06-01 15:12:21', 842, '', '', '', 197010, 685139, 'rop_p', '00:EE:BD:9D:46:14', 'User-Request', '', '', '10.155.255.232', 0, 0, '', '', '0000-00-00 00:00:00'),
(60, '8050000b', '6d1218aa23587eda', 'szxYd1', '', '', '192.168.100.1', '2152726539', 'Wireless-802.11', '2014-06-01 15:13:11', '2014-06-01 18:13:12', 10800, '', '', '', 4576432, 33317087, 'rop_p', 'CC:AF:78:A3:6B:FD', 'Session-Timeout', '', '', '10.155.255.235', 0, 0, '', '', '0000-00-00 00:00:00'),
(61, '80300006', 'dd0dc6ac706579e1', 'tfynr5', '', '', '192.168.100.50', '2150629382', 'Wireless-802.11', '2014-06-01 15:57:17', '2014-06-01 17:09:25', 4328, '', '', '', 1005955, 5453587, 'rop_a', 'C4:62:EA:7F:1C:27', 'Lost-Service', '', '', '10.150.255.204', 0, 0, '', '', '0000-00-00 00:00:00'),
(62, '80300007', '9a964d01d91b553b', 'huakkj', '', '', '192.168.100.50', '2150629383', 'Wireless-802.11', '2014-06-01 16:52:56', '2014-06-01 18:13:29', 4832, '', '', '', 3570224, 27001525, 'rop_a', 'DC:85:DE:16:14:D1', 'Lost-Service', '', '', '10.150.255.198', 0, 0, '', '', '0000-00-00 00:00:00'),
(63, '80300008', 'b5bdae76831901ab', '3qyobj', '', '', '192.168.100.50', '2150629384', 'Wireless-802.11', '2014-06-01 17:39:11', '2014-06-01 19:14:25', 5714, '', '', '', 1428987, 3614180, 'rop_a', '5C:0A:5B:B5:C0:67', 'Lost-Service', '', '', '10.150.255.220', 0, 0, '', '', '0000-00-00 00:00:00'),
(64, '8050000c', 'dc29b9f7e62f5f00', 'szxYd1', '', '', '192.168.100.1', '2152726540', 'Wireless-802.11', '2014-06-01 18:20:21', '2014-06-01 21:20:22', 10800, '', '', '', 4807986, 16764795, 'rop_p', 'CC:AF:78:A3:6B:FD', 'Session-Timeout', '', '', '10.155.255.235', 0, 0, '', '', '0000-00-00 00:00:00'),
(65, '80300009', '7f633f29b3a1aff1', 'a9wr6b', '', '', '192.168.100.50', '2150629385', 'Wireless-802.11', '2014-06-01 19:08:43', '2014-06-01 22:08:43', 10800, '', '', '', 26420025, 1229320377, 'rop_a', '9C:B7:0D:EF:E0:F8', 'Session-Timeout', '', '', '10.150.255.224', 0, 0, '', '', '0000-00-00 00:00:00'),
(66, '8030000a', '4f075a74e92ad3a3', 'a9wr6b', '', '', '192.168.100.50', '2150629386', 'Wireless-802.11', '2014-06-01 22:43:52', '2014-06-02 00:07:25', 5013, '', '', '', 3331253, 223705596, 'rop_a', '9C:B7:0D:EF:E0:F8', 'Lost-Service', '', '', '10.150.255.224', 0, 0, '', '', '0000-00-00 00:00:00'),
(67, '8030000b', 'f4da725ebbcd4e82', '8awp9a', '', '', '192.168.100.50', '2150629387', 'Wireless-802.11', '2014-06-02 05:58:42', '2014-06-02 07:42:55', 6253, '', '', '', 9207333, 144775404, 'rop_a', '54:AE:27:53:70:3B', 'Lost-Service', '', '', '10.150.255.194', 0, 0, '', '', '0000-00-00 00:00:00'),
(68, '8030000c', 'a647723a47f9648c', '10mxok', '', '', '192.168.100.50', '2150629388', 'Wireless-802.11', '2014-06-02 09:34:17', '2014-06-02 10:18:05', 2628, '', '', '', 906548, 5313013, 'rop_a', '88:CB:87:E6:95:C3', 'Lost-Service', '', '', '10.150.255.186', 0, 0, '', '', '0000-00-00 00:00:00');

-- --------------------------------------------------------

--
-- โครงสร้างตาราง `radcheck`
--

CREATE TABLE IF NOT EXISTS `radcheck` (
  `id` int(11) unsigned NOT NULL AUTO_INCREMENT,
  `username` varchar(64) NOT NULL DEFAULT '',
  `attribute` varchar(64) NOT NULL DEFAULT 'Cleartext-Password',
  `op` char(2) NOT NULL DEFAULT ':=',
  `value` varchar(253) NOT NULL DEFAULT '',
  PRIMARY KEY (`id`),
  KEY `username` (`username`(32))
) ENGINE=MyISAM  DEFAULT CHARSET=utf8 ROW_FORMAT=COMPACT AUTO_INCREMENT=762 ;

--
-- dump ตาราง `radcheck`
--

INSERT INTO `radcheck` (`id`, `username`, `attribute`, `op`, `value`) VALUES
(44, '4plzJk', 'Cleartext-Password', ':=', 'JuC1Ru'),
(45, 'OFfSHK', 'Cleartext-Password', ':=', 'PWlXLH'),
(61, 'p1M8K9', 'Cleartext-Password', ':=', 'YLhRHT'),
(62, '9KI8oW', 'Cleartext-Password', ':=', 'OAAsHh'),
(63, 'gW2FKs', 'Cleartext-Password', ':=', 'UdK5kT'),
(64, 'xuwuBf', 'Cleartext-Password', ':=', 'VJt19Z'),
(71, 'KqdOnm', 'Cleartext-Password', ':=', 'yTCo0C'),
(74, 'SQ5Dui', 'Cleartext-Password', ':=', 'PIyDqI'),
(75, '0Y49QZ', 'Cleartext-Password', ':=', '2VCPDy'),
(76, 'keF15Y', 'Cleartext-Password', ':=', 'zKU7CR'),
(126, 'q3fkwG', 'Cleartext-Password', ':=', 'vbxTMB'),
(134, '9i1IX6', 'Cleartext-Password', ':=', 'iPnaFG'),
(138, 'sXFzJU', 'Cleartext-Password', ':=', 'nXNsoO'),
(144, 'nROcxD', 'Cleartext-Password', ':=', 'oqBxY7'),
(148, '3jseAg', 'Cleartext-Password', ':=', '1lsncv'),
(149, '15p81Q', 'Cleartext-Password', ':=', 'xcOi3z'),
(150, '5520Bq', 'Cleartext-Password', ':=', 'eE66DG'),
(172, 'YFi7UV', 'Cleartext-Password', ':=', 'fIRawC'),
(188, '5skob8', 'Cleartext-Password', ':=', '356038'),
(189, 'oru0h2', 'Cleartext-Password', ':=', '379356'),
(204, 'v19b2s', 'Cleartext-Password', ':=', '265433'),
(249, 'r253Ck', 'Cleartext-Password', ':=', '876173'),
(262, 'mQADGj', 'Cleartext-Password', ':=', '044267'),
(263, '6mhH4B', 'Cleartext-Password', ':=', '231106'),
(264, 'XLCH2a', 'Cleartext-Password', ':=', '970724'),
(265, 'HR4PXD', 'Cleartext-Password', ':=', '498889'),
(308, 'xiwtiq', 'Cleartext-Password', ':=', '867513'),
(310, 'mu4co3', 'Cleartext-Password', ':=', '697436'),
(311, 'j7sva7', 'Cleartext-Password', ':=', '010046'),
(312, 'rb4o5m', 'Cleartext-Password', ':=', '492253'),
(313, 'jj58fq', 'Cleartext-Password', ':=', '805932'),
(315, 'eaxiy2', 'Cleartext-Password', ':=', '130356'),
(316, 'fuoz1a', 'Cleartext-Password', ':=', '944036'),
(318, 'mot611', 'Cleartext-Password', ':=', '358802'),
(328, 'g9viba', 'Cleartext-Password', ':=', '230065'),
(329, 'cipkma', 'Cleartext-Password', ':=', '836833'),
(339, '91z6kz', 'Cleartext-Password', ':=', '616437'),
(351, '1uzgaf', 'Cleartext-Password', ':=', '758028'),
(355, '46tdb', 'Cleartext-Password', ':=', 'iCgJO'),
(356, 'nwktm7', 'Cleartext-Password', ':=', '369683'),
(455, 'zi5paq', 'Cleartext-Password', ':=', '468148'),
(456, '71clrc', 'Cleartext-Password', ':=', '466020'),
(465, 'm5xwgf', 'Cleartext-Password', ':=', '505389'),
(474, '7hj1jn', 'Cleartext-Password', ':=', '920349'),
(479, 'uf1yks', 'Cleartext-Password', ':=', '190404'),
(481, 'uyd161', 'Cleartext-Password', ':=', '547065'),
(482, '6hslk4', 'Cleartext-Password', ':=', '585752'),
(502, 'ea2dTG', 'Cleartext-Password', ':=', '919688'),
(529, 'yp1b6n', 'Cleartext-Password', ':=', '148872'),
(536, 'xi0ig7', 'Cleartext-Password', ':=', '296633'),
(548, '0lvzzw', 'Cleartext-Password', ':=', '494457'),
(549, 'ztsolw', 'Cleartext-Password', ':=', '425215'),
(550, '9oq3w2', 'Cleartext-Password', ':=', '567741'),
(552, '98ddat', 'Cleartext-Password', ':=', '496652'),
(554, 'vzgry9', 'Cleartext-Password', ':=', '214268'),
(555, 'tfynr5', 'Cleartext-Password', ':=', '733824'),
(556, 'huakkj', 'Cleartext-Password', ':=', '626492'),
(557, 'ra0v8c', 'Cleartext-Password', ':=', '924405'),
(558, '3qyobj', 'Cleartext-Password', ':=', '783679'),
(561, 'a9wr6b', 'Cleartext-Password', ':=', '982029'),
(562, '8awp9a', 'Cleartext-Password', ':=', '129604'),
(563, 'voni9i', 'Cleartext-Password', ':=', '111431'),
(565, '10mxok', 'Cleartext-Password', ':=', '887736'),
(567, 't0bqsr', 'Cleartext-Password', ':=', '899654'),
(568, 'liy9ud', 'Cleartext-Password', ':=', '157036'),
(569, 'y7o8cp', 'Cleartext-Password', ':=', '922471'),
(573, 'v0io38', 'Cleartext-Password', ':=', '359946'),
(574, '0g0a1m', 'Cleartext-Password', ':=', '002037'),
(575, '78ad5d', 'Cleartext-Password', ':=', '561636'),
(576, 'yij8kd', 'Cleartext-Password', ':=', '426569'),
(577, 'pw7dki', 'Cleartext-Password', ':=', '977219'),
(578, 'lqjrfw', 'Cleartext-Password', ':=', '434069'),
(579, 'd482mu', 'Cleartext-Password', ':=', '937163'),
(580, 'i744co', 'Cleartext-Password', ':=', '471952'),
(581, 'ztvy4t', 'Cleartext-Password', ':=', '203720'),
(582, '0rr6xt', 'Cleartext-Password', ':=', '697651'),
(583, 'qn1glu', 'Cleartext-Password', ':=', '025055'),
(584, 'tyzxl0', 'Cleartext-Password', ':=', '167877'),
(585, 'pfoh28', 'Cleartext-Password', ':=', '589624'),
(586, 'hbq2f9', 'Cleartext-Password', ':=', '622618'),
(587, 'djx905', 'Cleartext-Password', ':=', '481952'),
(588, '6kr6m6', 'Cleartext-Password', ':=', '113227'),
(589, 'xrh2q1', 'Cleartext-Password', ':=', '205235'),
(590, 'junuu1', 'Cleartext-Password', ':=', '132693'),
(591, 'zipt1j', 'Cleartext-Password', ':=', '446114'),
(592, 'maed57', 'Cleartext-Password', ':=', '086737'),
(593, '0wjwjs', 'Cleartext-Password', ':=', '401115'),
(594, '8rwky6', 'Cleartext-Password', ':=', '362185'),
(595, 'r5pp0c', 'Cleartext-Password', ':=', '790406'),
(596, 'tvyncw', 'Cleartext-Password', ':=', '731633'),
(597, '0m7g3o', 'Cleartext-Password', ':=', '851172'),
(598, 'rbhd6i', 'Cleartext-Password', ':=', '477280'),
(600, 'zv5dwi', 'Cleartext-Password', ':=', '492431'),
(601, 'eedmpg', 'Cleartext-Password', ':=', '333228'),
(602, '2y9vfe', 'Cleartext-Password', ':=', '051572'),
(604, 'pmyfv6', 'Cleartext-Password', ':=', '167384'),
(605, '2slbv0', 'Cleartext-Password', ':=', '268085'),
(606, 'c9ilf7', 'Cleartext-Password', ':=', '395589'),
(607, '2ux4pn', 'Cleartext-Password', ':=', '910377'),
(608, '5zxv5z', 'Cleartext-Password', ':=', '314858'),
(609, 'zfama4', 'Cleartext-Password', ':=', '634903'),
(610, 's145bf', 'Cleartext-Password', ':=', '943237'),
(611, 'snky6w', 'Cleartext-Password', ':=', '672734'),
(612, '2ebx1h', 'Cleartext-Password', ':=', '298927'),
(613, 'rs7ecz', 'Cleartext-Password', ':=', '791111'),
(614, '2p5rwt', 'Cleartext-Password', ':=', '310014'),
(615, '6sovkw', 'Cleartext-Password', ':=', '631624'),
(617, '67pf06', 'Cleartext-Password', ':=', '864148'),
(618, 'kvepoi', 'Cleartext-Password', ':=', '634538'),
(619, '66r8vm', 'Cleartext-Password', ':=', '945576'),
(620, '4oo4lv', 'Cleartext-Password', ':=', '550987'),
(621, 'q5uhjx', 'Cleartext-Password', ':=', '650276'),
(622, '5kvhy8', 'Cleartext-Password', ':=', '431552'),
(624, 'nsqvzb', 'Cleartext-Password', ':=', '312699'),
(625, 'fl5vb8', 'Cleartext-Password', ':=', '609601'),
(626, 'p17wrx', 'Cleartext-Password', ':=', '497182'),
(627, '3at3fx', 'Cleartext-Password', ':=', '456745'),
(628, 'jwsusd', 'Cleartext-Password', ':=', '212633'),
(629, 'qrkzqs', 'Cleartext-Password', ':=', '548915'),
(630, 'akw4ba', 'Cleartext-Password', ':=', '364339'),
(631, 'z2t4vj', 'Cleartext-Password', ':=', '186460'),
(632, 'lpwjb3', 'Cleartext-Password', ':=', '343148'),
(633, '79n4js', 'Cleartext-Password', ':=', '324103'),
(634, '1ivhj9', 'Cleartext-Password', ':=', '459830'),
(635, 'w7eujv', 'Cleartext-Password', ':=', '958540'),
(636, 'zifsrn', 'Cleartext-Password', ':=', '288226'),
(637, '336w52', 'Cleartext-Password', ':=', '508457'),
(638, '6g4x4m', 'Cleartext-Password', ':=', '244314'),
(639, 'm6jc7m', 'Cleartext-Password', ':=', '870034'),
(640, 'pl3fg2', 'Cleartext-Password', ':=', '884595'),
(641, '9pb8e7', 'Cleartext-Password', ':=', '414454'),
(642, '2ung5i', 'Cleartext-Password', ':=', '130569'),
(643, '0kttjf', 'Cleartext-Password', ':=', '089884'),
(644, '3i6pcc', 'Cleartext-Password', ':=', '569367'),
(646, '537e8l', 'Cleartext-Password', ':=', '091195'),
(647, 'fo4xj6', 'Cleartext-Password', ':=', '958637'),
(648, 'ue7lud', 'Cleartext-Password', ':=', '293306'),
(651, '4es03l', 'Cleartext-Password', ':=', '529509'),
(653, 'li2gyu', 'Cleartext-Password', ':=', '118296'),
(654, 'ed73jc', 'Cleartext-Password', ':=', '676792'),
(655, 'aleu91', 'Cleartext-Password', ':=', '828837'),
(658, 's07va2', 'Cleartext-Password', ':=', '003445'),
(659, 'szxYd1', 'Cleartext-Password', ':=', '530708'),
(661, 'h9ziah', 'Cleartext-Password', ':=', '050314'),
(665, 'BLuKGK', 'Cleartext-Password', ':=', '909623'),
(666, 'bht1qt', 'Cleartext-Password', ':=', '508389'),
(667, 'x7xpsl', 'Cleartext-Password', ':=', '087424'),
(668, 'pp5omb', 'Cleartext-Password', ':=', '286207'),
(669, 'ijstq6', 'Cleartext-Password', ':=', '662833'),
(670, '88cas2', 'Cleartext-Password', ':=', '029945'),
(672, '3ffi1c', 'Cleartext-Password', ':=', '498015'),
(673, 'o8jou8', 'Cleartext-Password', ':=', '964589'),
(674, 'f3xs15', 'Cleartext-Password', ':=', '790186'),
(675, 'aedarn', 'Cleartext-Password', ':=', '839287'),
(676, 'o0t6bi', 'Cleartext-Password', ':=', '986775'),
(677, '52fgij', 'Cleartext-Password', ':=', '421502'),
(678, 'y7q06v', 'Cleartext-Password', ':=', '687525'),
(679, 'vns8j7', 'Cleartext-Password', ':=', '860630'),
(680, 'k91069', 'Cleartext-Password', ':=', '739366'),
(681, 'k6ah12', 'Cleartext-Password', ':=', '379638'),
(682, 'i7xw6f', 'Cleartext-Password', ':=', '521509'),
(683, 'wasemt', 'Cleartext-Password', ':=', '558970'),
(684, 'sr4lw4', 'Cleartext-Password', ':=', '183157'),
(685, 'vgmyft', 'Cleartext-Password', ':=', '731899'),
(686, '6s2y0b', 'Cleartext-Password', ':=', '378662'),
(687, '5ldy39', 'Cleartext-Password', ':=', '382484'),
(688, 's9vm7j', 'Cleartext-Password', ':=', '696492'),
(689, 'mpa4ck', 'Cleartext-Password', ':=', '453768'),
(690, '5xnuyk', 'Cleartext-Password', ':=', '144182'),
(691, 'u0e6lr', 'Cleartext-Password', ':=', '268627'),
(692, '7dmur6', 'Cleartext-Password', ':=', '391774'),
(693, 'cekh1r', 'Cleartext-Password', ':=', '232061'),
(694, 'q109ew', 'Cleartext-Password', ':=', '269378'),
(695, 'fo8tfi', 'Cleartext-Password', ':=', '190123'),
(696, 'y81c40', 'Cleartext-Password', ':=', '192216'),
(697, 'c2oh19', 'Cleartext-Password', ':=', '174055'),
(698, '44yd7q', 'Cleartext-Password', ':=', '402511'),
(699, 'ct5o49', 'Cleartext-Password', ':=', '606141'),
(700, 'j11kub', 'Cleartext-Password', ':=', '122616'),
(701, 'p6wpwr', 'Cleartext-Password', ':=', '799542'),
(702, 'd6i7c0', 'Cleartext-Password', ':=', '673622'),
(703, 'mf5rnz', 'Cleartext-Password', ':=', '775571'),
(704, 'ompp1p', 'Cleartext-Password', ':=', '570123'),
(705, 'n7tdli', 'Cleartext-Password', ':=', '539323'),
(706, '7f9pjy', 'Cleartext-Password', ':=', '445620'),
(707, 'cqbfhx', 'Cleartext-Password', ':=', '100440'),
(708, 'n0qneu', 'Cleartext-Password', ':=', '798684'),
(709, 'tk4PK', 'Cleartext-Password', ':=', 'Aii0H'),
(710, '8z41fn', 'Cleartext-Password', ':=', '194695'),
(711, 'rerv3x', 'Cleartext-Password', ':=', '078604'),
(712, 'bdfckt', 'Cleartext-Password', ':=', '689528'),
(713, '0g0d92', 'Cleartext-Password', ':=', '734023'),
(714, '1ilcqe', 'Cleartext-Password', ':=', '355374'),
(715, 'uxc4wy', 'Cleartext-Password', ':=', '355325'),
(716, 'ye4g1h', 'Cleartext-Password', ':=', '573925'),
(717, 'mvznm8', 'Cleartext-Password', ':=', '435071'),
(718, 'gfkzz6', 'Cleartext-Password', ':=', '331502'),
(719, 'vb12il', 'Cleartext-Password', ':=', '955389'),
(720, 'o6s2kb', 'Cleartext-Password', ':=', '584760'),
(721, 'ie1fro', 'Cleartext-Password', ':=', '333386'),
(722, '5ew5fa', 'Cleartext-Password', ':=', '700090'),
(723, 'gzkdd7', 'Cleartext-Password', ':=', '272103'),
(724, 'hd1qju', 'Cleartext-Password', ':=', '492439'),
(725, 'phmrim', 'Cleartext-Password', ':=', '687012'),
(726, 'zjy7b7', 'Cleartext-Password', ':=', '963691'),
(727, 'ht5lrg', 'Cleartext-Password', ':=', '236551'),
(728, '2tnfj9', 'Cleartext-Password', ':=', '800482'),
(729, 'yktzb5', 'Cleartext-Password', ':=', '555227'),
(730, 'rsj0el', 'Cleartext-Password', ':=', '889465'),
(731, '2kmaib', 'Cleartext-Password', ':=', '706009'),
(732, 'lqcfdr', 'Cleartext-Password', ':=', '408321'),
(733, 'cjxkxj', 'Cleartext-Password', ':=', '792981'),
(734, '5dvnas', 'Cleartext-Password', ':=', '252230'),
(735, '870ue6', 'Cleartext-Password', ':=', '507563'),
(736, 'lrj1tr', 'Cleartext-Password', ':=', '887049'),
(737, '43fjya', 'Cleartext-Password', ':=', '448393'),
(738, '8m86mv', 'Cleartext-Password', ':=', '067860'),
(739, 'tn47ap', 'Cleartext-Password', ':=', '499137'),
(740, 'c05nst', 'Cleartext-Password', ':=', '210827'),
(741, '4d32ng', 'Cleartext-Password', ':=', '148861'),
(742, 'of7wdr', 'Cleartext-Password', ':=', '898729'),
(743, 'bxi3r7', 'Cleartext-Password', ':=', '124024'),
(744, 'rrjwzu', 'Cleartext-Password', ':=', '962774'),
(745, 's8yivd', 'Cleartext-Password', ':=', '843646'),
(746, '77n64t', 'Cleartext-Password', ':=', '731752'),
(747, 'xlfajn', 'Cleartext-Password', ':=', '245631'),
(748, 'zgp8wd', 'Cleartext-Password', ':=', '156304'),
(749, 'xzt3rl', 'Cleartext-Password', ':=', '267866'),
(750, '020u3u', 'Cleartext-Password', ':=', '581416'),
(751, 'pl3lxj', 'Cleartext-Password', ':=', '373905'),
(752, '31b1rj', 'Cleartext-Password', ':=', '354791'),
(753, 't2r346', 'Cleartext-Password', ':=', '248840'),
(754, 'dxak9t', 'Cleartext-Password', ':=', '218312'),
(755, 'q1s1no', 'Cleartext-Password', ':=', '311719'),
(756, 'xpptir', 'Cleartext-Password', ':=', '516460'),
(757, 'arohn6', 'Cleartext-Password', ':=', '756639'),
(758, '3c3eem', 'Cleartext-Password', ':=', '207924'),
(759, 'imu2ja', 'Cleartext-Password', ':=', '078212'),
(760, 'j67y4d', 'Cleartext-Password', ':=', '181537'),
(761, 'k0wx0q', 'Cleartext-Password', ':=', '462058');

-- --------------------------------------------------------

--
-- โครงสร้างตาราง `radgroupcheck`
--

CREATE TABLE IF NOT EXISTS `radgroupcheck` (
  `id` int(11) unsigned NOT NULL AUTO_INCREMENT,
  `groupname` varchar(64) NOT NULL DEFAULT '',
  `attribute` varchar(64) NOT NULL DEFAULT '',
  `op` char(2) NOT NULL DEFAULT '==',
  `value` varchar(253) NOT NULL DEFAULT '',
  PRIMARY KEY (`id`),
  KEY `groupname` (`groupname`(32))
) ENGINE=MyISAM  DEFAULT CHARSET=utf8 ROW_FORMAT=COMPACT AUTO_INCREMENT=2 ;

--
-- dump ตาราง `radgroupcheck`
--

INSERT INTO `radgroupcheck` (`id`, `groupname`, `attribute`, `op`, `value`) VALUES
(1, 'daloRADIUS-Disabled-Users', 'Auth-Type', ':=', 'Reject');

-- --------------------------------------------------------

--
-- โครงสร้างตาราง `radgroupreply`
--

CREATE TABLE IF NOT EXISTS `radgroupreply` (
  `id` int(11) unsigned NOT NULL AUTO_INCREMENT,
  `groupname` varchar(64) NOT NULL DEFAULT '',
  `attribute` varchar(64) NOT NULL DEFAULT '',
  `op` char(2) NOT NULL DEFAULT '=',
  `value` varchar(253) NOT NULL DEFAULT '',
  PRIMARY KEY (`id`),
  KEY `groupname` (`groupname`(32)),
  KEY `usergroup_fk` (`groupname`)
) ENGINE=MyISAM  DEFAULT CHARSET=utf8 ROW_FORMAT=COMPACT AUTO_INCREMENT=339 ;

--
-- dump ตาราง `radgroupreply`
--

INSERT INTO `radgroupreply` (`id`, `groupname`, `attribute`, `op`, `value`) VALUES
(330, 'admin', 'Simultaneous-Use', ':=', '1'),
(334, 'admin', 'Idle-Timeout', ':=', '900'),
(335, 'admin', 'Session-Timeout', ':=', '14400'),
(336, 'register', 'Idle-Timeout', ':=', '3600'),
(337, 'register', 'Session-Timeout', ':=', '10800'),
(338, 'register', 'Simultaneous-Use', ':=', '1');

-- --------------------------------------------------------

--
-- โครงสร้างตาราง `radippool`
--

CREATE TABLE IF NOT EXISTS `radippool` (
  `id` int(11) unsigned NOT NULL AUTO_INCREMENT,
  `pool_name` varchar(30) NOT NULL,
  `framedipaddress` varchar(15) NOT NULL DEFAULT '',
  `nasipaddress` varchar(15) NOT NULL DEFAULT '',
  `calledstationid` varchar(30) NOT NULL,
  `callingstationid` varchar(30) NOT NULL,
  `expiry_time` datetime DEFAULT NULL,
  `username` varchar(64) NOT NULL DEFAULT '',
  `pool_key` varchar(30) NOT NULL,
  PRIMARY KEY (`id`),
  KEY `framedipaddress` (`framedipaddress`),
  KEY `radippool_nasip_poolkey_ipaddress` (`nasipaddress`,`pool_key`,`framedipaddress`),
  KEY `radippool_poolname_expire` (`pool_name`,`expiry_time`)
) ENGINE=MyISAM DEFAULT CHARSET=utf8 ROW_FORMAT=COMPACT AUTO_INCREMENT=1 ;

-- --------------------------------------------------------

--
-- โครงสร้างตาราง `radpostauth`
--

CREATE TABLE IF NOT EXISTS `radpostauth` (
  `id` int(11) NOT NULL AUTO_INCREMENT,
  `username` varchar(64) NOT NULL DEFAULT '',
  `pass` varchar(64) NOT NULL DEFAULT '',
  `reply` varchar(32) NOT NULL DEFAULT '',
  `authdate` timestamp NOT NULL DEFAULT CURRENT_TIMESTAMP ON UPDATE CURRENT_TIMESTAMP,
  PRIMARY KEY (`id`)
) ENGINE=MyISAM  DEFAULT CHARSET=utf8 ROW_FORMAT=COMPACT AUTO_INCREMENT=123 ;

--
-- dump ตาราง `radpostauth`
--

INSERT INTO `radpostauth` (`id`, `username`, `pass`, `reply`, `authdate`) VALUES
(1, 'tai', '0xfd51a7cb29df913975e8557bf715cb7d32', 'Access-Accept', '2014-05-19 15:49:20'),
(2, 'tai', '0xec7467a11dfa64983ed24b5eecfd685014', 'Access-Accept', '2014-05-19 15:50:26'),
(3, 'sRWGb8', 'BYEOhU', 'Access-Accept', '2014-05-19 16:03:47'),
(4, 'fHlLLk', 'YbcdAs', 'Access-Accept', '2014-05-19 16:49:35'),
(5, 'fHlLLk', 'YbcdAs', 'Access-Accept', '2014-05-19 17:10:09'),
(6, 'OFfSHK', 'jEQa6o', 'Access-Accept', '2014-05-20 14:37:48'),
(7, 'OFfSHK', 'jEQa6o', 'Access-Accept', '2014-05-20 14:41:31'),
(8, '4plzJk', 'BQnPo0', 'Access-Accept', '2014-05-20 14:55:31'),
(9, '4plzJk', 'BQnPo0', 'Access-Accept', '2014-05-20 14:57:19'),
(10, 'OFfSHK', 'PWlXLH', 'Access-Accept', '2014-05-22 09:44:31'),
(11, 'OFfSHK', 'PWlXLH', 'Access-Accept', '2014-05-22 09:46:35'),
(12, '0Y49QZ', 'F8C0Wy', 'Access-Accept', '2014-05-25 14:25:31'),
(13, 'KqdOnm', 'yTCo0C', 'Access-Accept', '2014-05-25 14:46:09'),
(14, 'KqdOnm', 'yTCo0C', 'Access-Accept', '2014-05-25 14:50:18'),
(15, '0Y49QZ', 'uP4KC2', 'Access-Accept', '2014-05-25 14:54:56'),
(16, '0Y49QZ', 'uP4KC2', 'Access-Accept', '2014-05-25 14:57:00'),
(17, '0Y49QZ', 'uP4KC2', 'Access-Accept', '2014-05-25 14:58:35'),
(18, '0Y49QZ', 'uP4KC2', 'Access-Accept', '2014-05-25 15:00:29'),
(19, 'SQ5Dui', 'PIyDqI', 'Access-Accept', '2014-05-28 05:39:37'),
(20, 'SQ5Dui', 'PIyDqI', 'Access-Accept', '2014-05-28 05:41:42'),
(21, 'SQ5Dui', 'PIyDqI', 'Access-Accept', '2014-05-28 05:53:11'),
(22, 'SQ5Dui', 'PIyDqI', 'Access-Accept', '2014-05-28 05:56:42'),
(23, 'SQ5Dui', 'PIyDqI', 'Access-Accept', '2014-05-28 06:07:29'),
(24, 'HR4PXD', 'eAIqjz', 'Access-Accept', '2014-05-28 06:10:30'),
(25, 'XLCH2a', 'FDYZKg', 'Access-Accept', '2014-05-28 06:11:48'),
(26, 'HR4PXD', 'eAIqjz', 'Access-Accept', '2014-05-28 06:45:58'),
(27, 'HR4PXD', 'eAIqjz', 'Access-Accept', '2014-05-28 06:47:54'),
(28, 'szxYd1', '6Ni3BE', 'Access-Accept', '2014-05-28 09:45:35'),
(29, 'szxYd1', 'G17nwg', 'Access-Accept', '2014-05-28 12:32:29'),
(30, 'szxYd1', 'G17nwg', 'Access-Accept', '2014-05-28 12:35:51'),
(31, 'szxYd1', 'G17nwg', 'Access-Accept', '2014-05-28 12:38:22'),
(32, 'szxYd1', 'G17nwg', 'Access-Accept', '2014-05-28 12:42:57'),
(33, 'szxYd1', 'G17nwg', 'Access-Accept', '2014-05-28 12:43:53'),
(34, 'szxYd1', 'G17nwg', 'Access-Accept', '2014-05-28 12:44:15'),
(35, 'szxYd1', 'G17nwg', 'Access-Accept', '2014-05-28 12:46:54'),
(36, 'SQ5Dui', 'PIyDqI', 'Access-Accept', '2014-05-28 12:50:55'),
(37, 'szxYd1', '070002', 'Access-Accept', '2014-05-28 13:14:20'),
(38, 'szxYd1', '756580', 'Access-Accept', '2014-05-28 13:19:06'),
(39, 'SQ5Dui', 'PIyDqI', 'Access-Accept', '2014-05-28 13:26:07'),
(40, 'szxYd1', '756580', 'Access-Accept', '2014-05-28 13:41:10'),
(41, 'szxYd1', '317731', 'Access-Accept', '2014-05-28 14:11:13'),
(42, 'szxYd1', '317731', 'Access-Accept', '2014-05-28 14:13:01'),
(43, 'szxYd1', '317731', 'Access-Accept', '2014-05-28 14:15:14'),
(44, 'szxYd1', '317731', 'Access-Accept', '2014-05-28 14:18:07'),
(45, 'szxYd1', '317731', 'Access-Accept', '2014-05-28 14:18:49'),
(46, 'szxYd1', '175262', 'Access-Accept', '2014-05-28 14:41:55'),
(47, 'szxYd1', '692800', 'Access-Accept', '2014-05-30 11:56:22'),
(48, 'szxYd1', '776968', 'Access-Accept', '2014-05-30 16:08:12'),
(49, 'szxYd1', '508843', 'Access-Accept', '2014-05-30 17:11:38'),
(50, 'szxYd1', '508843', 'Access-Accept', '2014-05-30 17:30:38'),
(51, 'szxYd1', '508843', 'Access-Accept', '2014-05-30 17:50:50'),
(52, 'szxYd1', '726344', 'Access-Accept', '2014-05-31 04:40:17'),
(53, 'szxYd1', '726344', 'Access-Accept', '2014-05-31 05:35:06'),
(54, 'cipkma', '836833', 'Access-Accept', '2014-06-01 02:44:07'),
(55, 'szxYd1', '790896', 'Access-Accept', '2014-06-01 05:25:45'),
(56, 'szxYd1', '790896', 'Access-Accept', '2014-06-01 05:26:57'),
(57, 'szxYd1', '374291', 'Access-Accept', '2014-06-01 05:47:37'),
(58, 's07va2', '059277', 'Access-Accept', '2014-06-01 06:35:44'),
(59, 's07va2', '059277', 'Access-Accept', '2014-06-01 06:37:28'),
(60, 'ztsolw', '651462', 'Access-Accept', '2014-06-01 07:15:36'),
(61, '0lvzzw', '268250', 'Access-Accept', '2014-06-01 07:21:43'),
(62, '9oq3w2', '567741', 'Access-Accept', '2014-06-01 07:34:02'),
(63, 'ztsolw', '425215', 'Access-Accept', '2014-06-01 07:39:17'),
(64, 'szxYd1', '166184', 'Access-Accept', '2014-06-01 07:56:43'),
(65, 'szxYd1', '166184', 'Access-Accept', '2014-06-01 07:56:59'),
(66, 'szxYd1', '166184', 'Access-Accept', '2014-06-01 07:58:19'),
(67, 'szxYd1', '166184', 'Access-Accept', '2014-06-01 07:58:35'),
(68, 'szxYd1', '166184', 'Access-Accept', '2014-06-01 07:59:57'),
(69, 'szxYd1', '680974', 'Access-Accept', '2014-06-01 08:13:11'),
(70, 'tfynr5', '733824', 'Access-Accept', '2014-06-01 08:57:17'),
(71, 'huakkj', '626492', 'Access-Accept', '2014-06-01 09:52:56'),
(72, '3qyobj', '783679', 'Access-Accept', '2014-06-01 10:39:11'),
(73, 'szxYd1', '441933', 'Access-Accept', '2014-06-01 11:20:21'),
(74, 'a9wr6b', '265228', 'Access-Accept', '2014-06-01 12:08:43'),
(75, 'a9wr6b', '982029', 'Access-Accept', '2014-06-01 15:43:52'),
(76, '8awp9a', '129604', 'Access-Accept', '2014-06-01 22:58:42'),
(77, '10mxok', '887736', 'Access-Accept', '2014-06-02 02:34:17'),
(78, 'liy9ud', '157036', 'Access-Accept', '2014-06-02 06:42:15'),
(79, 'liy9ud', '157036', 'Access-Accept', '2014-06-02 09:52:03'),
(80, 'szxYd1', '796967', 'Access-Accept', '2014-06-02 13:22:30'),
(81, '0m7g3o', '851172', 'Access-Accept', '2014-06-02 17:29:32'),
(82, 'rbhd6i', '477280', 'Access-Accept', '2014-06-02 23:08:22'),
(83, 'zv5dwi', '492431', 'Access-Accept', '2014-06-02 23:11:56'),
(84, 'eedmpg', '333228', 'Access-Accept', '2014-06-02 23:29:03'),
(85, '2y9vfe', '051572', 'Access-Accept', '2014-06-02 23:35:27'),
(86, 'rbhd6i', '477280', 'Access-Accept', '2014-06-02 23:47:42'),
(87, 's145bf', '943237', 'Access-Accept', '2014-06-03 00:15:51'),
(88, 'rs7ecz', '791111', 'Access-Accept', '2014-06-03 00:42:30'),
(89, '2ebx1h', '298927', 'Access-Accept', '2014-06-03 00:49:10'),
(90, '2p5rwt', '310014', 'Access-Accept', '2014-06-03 00:51:10'),
(91, 'szxYd1', '084563', 'Access-Accept', '2014-06-03 01:43:51'),
(92, '6sovkw', '631624', 'Access-Accept', '2014-06-03 01:46:51'),
(93, '67pf06', '864148', 'Access-Accept', '2014-06-03 01:47:50'),
(94, '5kvhy8', '431552', 'Access-Accept', '2014-06-03 02:16:14'),
(95, 'fl5vb8', '712770', 'Access-Accept', '2014-06-03 02:19:21'),
(96, 'q5uhjx', '650276', 'Access-Accept', '2014-06-03 02:23:48'),
(97, 'fl5vb8', '609601', 'Access-Accept', '2014-06-03 02:33:36'),
(98, '5kvhy8', '431552', 'Access-Accept', '2014-06-03 02:34:27'),
(99, '3at3fx', '456745', 'Access-Accept', '2014-06-03 02:47:32'),
(100, 'z2t4vj', '186460', 'Access-Accept', '2014-06-03 03:09:19'),
(101, '66r8vm', '945576', 'Access-Accept', '2014-06-03 03:13:45'),
(102, 'qrkzqs', '548915', 'Access-Accept', '2014-06-03 03:13:59'),
(103, 'w7eujv', '958540', 'Access-Accept', '2014-06-03 03:14:38'),
(104, 'jwsusd', '212633', 'Access-Accept', '2014-06-03 03:16:55'),
(105, '79n4js', '324103', 'Access-Accept', '2014-06-03 03:18:08'),
(106, '6g4x4m', '244314', 'Access-Accept', '2014-06-03 04:39:12'),
(107, 'lpwjb3', '343148', 'Access-Accept', '2014-06-03 05:09:47'),
(108, '2ung5i', '130569', 'Access-Accept', '2014-06-03 05:25:32'),
(109, '3i6pcc', '569367', 'Access-Accept', '2014-06-03 07:03:15'),
(110, 'fo4xj6', '958637', 'Access-Accept', '2014-06-03 08:04:31'),
(111, 'fo4xj6', '958637', 'Access-Accept', '2014-06-03 08:13:39'),
(112, 'ue7lud', '293306', 'Access-Accept', '2014-06-03 09:04:45'),
(113, 'szxYd1', '714159', 'Access-Accept', '2014-06-03 10:13:53'),
(114, 'szxYd1', '714159', 'Access-Accept', '2014-06-03 12:05:12'),
(115, '4es03l', '529509', 'Access-Accept', '2014-06-03 16:22:51'),
(116, 'szxYd1', '686147', 'Access-Accept', '2014-06-03 17:32:43'),
(117, 'szxYd1', '686147', 'Access-Accept', '2014-06-03 19:19:31'),
(118, 'li2gyu', '118296', 'Access-Accept', '2014-06-03 22:58:43'),
(119, 'li2gyu', '118296', 'Access-Accept', '2014-06-03 23:00:38'),
(120, 'aleu91', '828837', 'Access-Accept', '2014-06-03 23:37:26'),
(121, 'h9ziah', '677719', 'Access-Accept', '2014-06-03 23:48:22'),
(122, 'h9ziah', '267830', 'Access-Accept', '2014-06-04 03:26:53');

-- --------------------------------------------------------

--
-- โครงสร้างตาราง `radreply`
--

CREATE TABLE IF NOT EXISTS `radreply` (
  `id` int(11) unsigned NOT NULL AUTO_INCREMENT,
  `username` varchar(64) NOT NULL DEFAULT '',
  `attribute` varchar(64) NOT NULL DEFAULT '',
  `op` char(2) NOT NULL DEFAULT '=',
  `value` varchar(253) NOT NULL DEFAULT '',
  PRIMARY KEY (`id`),
  KEY `username` (`username`(32))
) ENGINE=MyISAM  DEFAULT CHARSET=utf8 ROW_FORMAT=COMPACT AUTO_INCREMENT=4 ;

--
-- dump ตาราง `radreply`
--

INSERT INTO `radreply` (`id`, `username`, `attribute`, `op`, `value`) VALUES
(2, '00:0C:42:01:02:03', 'Mikrotik-Wireless-PSK', ':=', 'PSKstring'),
(3, 'user', 'WISPr-Redirection-URL', ':=', 'http://www.google.co.th');

-- --------------------------------------------------------

--
-- โครงสร้างตาราง `radusergroup`
--

CREATE TABLE IF NOT EXISTS `radusergroup` (
  `username` varchar(64) NOT NULL DEFAULT '',
  `groupname` varchar(64) NOT NULL DEFAULT '',
  `priority` int(11) NOT NULL DEFAULT '1',
  `account_id` int(11) DEFAULT NULL,
  `usergroup_id` int(11) DEFAULT NULL,
  KEY `account_fk` (`account_id`,`username`),
  KEY `usergroup_fk` (`usergroup_id`),
  KEY `username` (`username`(32))
) ENGINE=MyISAM DEFAULT CHARSET=utf8 ROW_FORMAT=COMPACT;

--
-- dump ตาราง `radusergroup`
--

INSERT INTO `radusergroup` (`username`, `groupname`, `priority`, `account_id`, `usergroup_id`) VALUES
('H0uDKV', 'register', 1, NULL, NULL),
('tkwwAC', 'register', 1, NULL, NULL),
('Dh8wRq', 'register', 1, NULL, NULL),
('AB5t9T', 'register', 1, NULL, NULL),
('XORRgB', 'register', 1, NULL, NULL),
('MFm1py', 'register', 1, NULL, NULL),
('479QBr', 'register', 1, NULL, NULL),
('IHPWq8', 'register', 1, NULL, NULL),
('mKCqPA', 'register', 1, NULL, NULL),
('WNBMV5', 'register', 1, NULL, NULL),
('3KD3dE', 'register', 1, NULL, NULL),
('MgFTtc', 'register', 1, NULL, NULL),
('WLkFfi', 'register', 1, NULL, NULL),
('cB8Uaj', 'register', 1, NULL, NULL),
('3S2GWu', 'register', 1, NULL, NULL),
('bjwmHt', 'register', 1, NULL, NULL),
('sRWGb8', 'register', 1, NULL, NULL),
('zpBXA4', 'register', 1, NULL, NULL),
('NZnh60', 'register', 1, NULL, NULL),
('mWcKdz', 'register', 1, NULL, NULL),
('Efr5mh', 'register', 1, NULL, NULL),
('xU3UGU', 'register', 1, NULL, NULL),
('fHlLLk', 'register', 1, NULL, NULL),
('HxhtZp', 'register', 1, NULL, NULL),
('MmxUxa', 'register', 1, NULL, NULL),
('9UIrdw', 'register', 1, NULL, NULL),
('Qovory', 'register', 1, NULL, NULL),
('OFfSHK', 'register', 1, NULL, NULL),
('4plzJk', 'register', 1, NULL, NULL),
('BLuKGK', 'register', 1, NULL, NULL),
('p1M8K9', 'register', 1, NULL, NULL),
('9KI8oW', 'register', 1, NULL, NULL),
('gW2FKs', 'register', 1, NULL, NULL),
('xuwuBf', 'register', 1, NULL, NULL),
('KqdOnm', 'register', 1, NULL, NULL),
('0Y49QZ', 'register', 1, NULL, NULL),
('SQ5Dui', 'register', 1, NULL, NULL),
('keF15Y', 'register', 1, NULL, NULL),
('szxYd1', 'register', 1, NULL, NULL),
('ea2dTG', 'register', 1, NULL, NULL),
('r253Ck', 'register', 1, NULL, NULL),
('mQADGj', 'register', 1, NULL, NULL),
('6mhH4B', 'register', 1, NULL, NULL),
('XLCH2a', 'register', 1, NULL, NULL),
('HR4PXD', 'register', 1, NULL, NULL),
('tester', 'admin', 1, NULL, NULL),
('q3fkwG', 'register', 1, NULL, NULL),
('9i1IX6', 'register', 1, NULL, NULL),
('sXFzJU', 'register', 1, NULL, NULL),
('nROcxD', 'register', 1, NULL, NULL),
('3jseAg', 'register', 1, NULL, NULL),
('15p81Q', 'register', 1, NULL, NULL),
('5520Bq', 'register', 1, NULL, NULL),
('YFi7UV', 'register', 1, NULL, NULL),
('5skob8', 'register', 1, NULL, NULL),
('oru0h2', 'register', 1, NULL, NULL),
('v19b2s', 'register', 1, NULL, NULL),
('cipkma', 'register', 1, NULL, NULL),
('xiwtiq', 'register', 1, NULL, NULL),
('mu4co3', 'register', 1, NULL, NULL),
('j7sva7', 'register', 1, NULL, NULL),
('rb4o5m', 'register', 1, NULL, NULL),
('jj58fq', 'register', 1, NULL, NULL),
('eaxiy2', 'register', 1, NULL, NULL),
('fuoz1a', 'register', 1, NULL, NULL),
('mot611', 'register', 1, NULL, NULL),
('g9viba', 'register', 1, NULL, NULL),
('91z6kz', 'register', 1, NULL, NULL),
('1uzgaf', 'register', 1, NULL, NULL),
('46tdb', 'register', 1, NULL, NULL),
('nwktm7', 'register', 1, NULL, NULL),
('m5xwgf', 'register', 1, NULL, NULL),
('71clrc', 'register', 1, NULL, NULL),
('zi5paq', 'register', 1, NULL, NULL),
('7hj1jn', 'register', 1, NULL, NULL),
('uyd161', 'register', 1, NULL, NULL),
('uf1yks', 'register', 1, NULL, NULL),
('6hslk4', 'register', 1, NULL, NULL),
('s07va2', 'register', 1, NULL, NULL),
('yp1b6n', 'register', 1, NULL, NULL),
('ztsolw', 'register', 1, NULL, NULL),
('0lvzzw', 'register', 1, NULL, NULL),
('xi0ig7', 'register', 1, NULL, NULL),
('9oq3w2', 'register', 1, NULL, NULL),
('98ddat', 'register', 1, NULL, NULL),
('vzgry9', 'register', 1, NULL, NULL),
('tfynr5', 'register', 1, NULL, NULL),
('huakkj', 'register', 1, NULL, NULL),
('ra0v8c', 'register', 1, NULL, NULL),
('3qyobj', 'register', 1, NULL, NULL),
('a9wr6b', 'register', 1, NULL, NULL),
('8awp9a', 'register', 1, NULL, NULL),
('voni9i', 'register', 1, NULL, NULL),
('10mxok', 'register', 1, NULL, NULL),
('t0bqsr', 'register', 1, NULL, NULL),
('liy9ud', 'register', 1, NULL, NULL),
('y7o8cp', 'register', 1, NULL, NULL),
('v0io38', 'register', 1, NULL, NULL),
('0g0a1m', 'register', 1, NULL, NULL),
('78ad5d', 'register', 1, NULL, NULL),
('yij8kd', 'register', 1, NULL, NULL),
('pw7dki', 'register', 1, NULL, NULL),
('lqjrfw', 'register', 1, NULL, NULL),
('d482mu', 'register', 1, NULL, NULL),
('i744co', 'register', 1, NULL, NULL),
('ztvy4t', 'register', 1, NULL, NULL),
('0rr6xt', 'register', 1, NULL, NULL),
('qn1glu', 'register', 1, NULL, NULL),
('tyzxl0', 'register', 1, NULL, NULL),
('pfoh28', 'register', 1, NULL, NULL),
('hbq2f9', 'register', 1, NULL, NULL),
('djx905', 'register', 1, NULL, NULL),
('6kr6m6', 'register', 1, NULL, NULL),
('xrh2q1', 'register', 1, NULL, NULL),
('junuu1', 'register', 1, NULL, NULL),
('zipt1j', 'register', 1, NULL, NULL),
('maed57', 'register', 1, NULL, NULL),
('0wjwjs', 'register', 1, NULL, NULL),
('8rwky6', 'register', 1, NULL, NULL),
('r5pp0c', 'register', 1, NULL, NULL),
('tvyncw', 'register', 1, NULL, NULL),
('0m7g3o', 'register', 1, NULL, NULL),
('rbhd6i', 'register', 1, NULL, NULL),
('zv5dwi', 'register', 1, NULL, NULL),
('eedmpg', 'register', 1, NULL, NULL),
('2y9vfe', 'register', 1, NULL, NULL),
('pmyfv6', 'register', 1, NULL, NULL),
('2slbv0', 'register', 1, NULL, NULL),
('c9ilf7', 'register', 1, NULL, NULL),
('2ux4pn', 'register', 1, NULL, NULL),
('5zxv5z', 'register', 1, NULL, NULL),
('zfama4', 'register', 1, NULL, NULL),
('s145bf', 'register', 1, NULL, NULL),
('snky6w', 'register', 1, NULL, NULL),
('2ebx1h', 'register', 1, NULL, NULL),
('rs7ecz', 'register', 1, NULL, NULL),
('2p5rwt', 'register', 1, NULL, NULL),
('6sovkw', 'register', 1, NULL, NULL),
('67pf06', 'register', 1, NULL, NULL),
('kvepoi', 'register', 1, NULL, NULL),
('66r8vm', 'register', 1, NULL, NULL),
('4oo4lv', 'register', 1, NULL, NULL),
('q5uhjx', 'register', 1, NULL, NULL),
('5kvhy8', 'register', 1, NULL, NULL),
('fl5vb8', 'register', 1, NULL, NULL),
('nsqvzb', 'register', 1, NULL, NULL),
('p17wrx', 'register', 1, NULL, NULL),
('3at3fx', 'register', 1, NULL, NULL),
('jwsusd', 'register', 1, NULL, NULL),
('qrkzqs', 'register', 1, NULL, NULL),
('akw4ba', 'register', 1, NULL, NULL),
('z2t4vj', 'register', 1, NULL, NULL),
('lpwjb3', 'register', 1, NULL, NULL),
('79n4js', 'register', 1, NULL, NULL),
('1ivhj9', 'register', 1, NULL, NULL),
('w7eujv', 'register', 1, NULL, NULL),
('zifsrn', 'register', 1, NULL, NULL),
('336w52', 'register', 1, NULL, NULL),
('6g4x4m', 'register', 1, NULL, NULL),
('m6jc7m', 'register', 1, NULL, NULL),
('pl3fg2', 'register', 1, NULL, NULL),
('9pb8e7', 'register', 1, NULL, NULL),
('2ung5i', 'register', 1, NULL, NULL),
('0kttjf', 'register', 1, NULL, NULL),
('3i6pcc', 'register', 1, NULL, NULL),
('537e8l', 'register', 1, NULL, NULL),
('fo4xj6', 'register', 1, NULL, NULL),
('ue7lud', 'register', 1, NULL, NULL),
('4es03l', 'register', 1, NULL, NULL),
('li2gyu', 'register', 1, NULL, NULL),
('ed73jc', 'register', 1, NULL, NULL),
('aleu91', 'register', 1, NULL, NULL),
('h9ziah', 'register', 1, NULL, NULL),
('bht1qt', 'register', 1, NULL, NULL),
('x7xpsl', 'register', 1, NULL, NULL),
('pp5omb', 'register', 1, NULL, NULL),
('ijstq6', 'register', 1, NULL, NULL),
('88cas2', 'register', 1, NULL, NULL),
('3ffi1c', 'register', 1, NULL, NULL),
('o8jou8', 'register', 1, NULL, NULL),
('f3xs15', 'register', 1, NULL, NULL),
('aedarn', 'register', 1, NULL, NULL),
('o0t6bi', 'register', 1, NULL, NULL),
('52fgij', 'register', 1, NULL, NULL),
('y7q06v', 'register', 1, NULL, NULL),
('vns8j7', 'register', 1, NULL, NULL),
('k91069', 'register', 1, NULL, NULL),
('k6ah12', 'register', 1, NULL, NULL),
('i7xw6f', 'register', 1, NULL, NULL),
('wasemt', 'register', 1, NULL, NULL),
('sr4lw4', 'register', 1, NULL, NULL),
('vgmyft', 'register', 1, NULL, NULL),
('6s2y0b', 'register', 1, NULL, NULL),
('5ldy39', 'register', 1, NULL, NULL),
('s9vm7j', 'register', 1, NULL, NULL),
('mpa4ck', 'register', 1, NULL, NULL),
('5xnuyk', 'register', 1, NULL, NULL),
('u0e6lr', 'register', 1, NULL, NULL),
('7dmur6', 'register', 1, NULL, NULL),
('cekh1r', 'register', 1, NULL, NULL),
('q109ew', 'register', 1, NULL, NULL),
('fo8tfi', 'register', 1, NULL, NULL),
('y81c40', 'register', 1, NULL, NULL),
('c2oh19', 'register', 1, NULL, NULL),
('44yd7q', 'register', 1, NULL, NULL),
('ct5o49', 'register', 1, NULL, NULL),
('j11kub', 'register', 1, NULL, NULL),
('p6wpwr', 'register', 1, NULL, NULL),
('d6i7c0', 'register', 1, NULL, NULL),
('mf5rnz', 'register', 1, NULL, NULL),
('ompp1p', 'register', 1, NULL, NULL),
('n7tdli', 'register', 1, NULL, NULL),
('7f9pjy', 'register', 1, NULL, NULL),
('cqbfhx', 'register', 1, NULL, NULL),
('n0qneu', 'register', 1, NULL, NULL),
('tk4PK', 'register', 1, NULL, NULL),
('8z41fn', 'register', 1, NULL, NULL),
('rerv3x', 'register', 1, NULL, NULL),
('bdfckt', 'register', 1, NULL, NULL),
('0g0d92', 'register', 1, NULL, NULL),
('1ilcqe', 'register', 1, NULL, NULL),
('uxc4wy', 'register', 1, NULL, NULL),
('ye4g1h', 'register', 1, NULL, NULL),
('mvznm8', 'register', 1, NULL, NULL),
('gfkzz6', 'register', 1, NULL, NULL),
('vb12il', 'register', 1, NULL, NULL),
('o6s2kb', 'register', 1, NULL, NULL),
('ie1fro', 'register', 1, NULL, NULL),
('5ew5fa', 'register', 1, NULL, NULL),
('gzkdd7', 'register', 1, NULL, NULL),
('hd1qju', 'register', 1, NULL, NULL),
('phmrim', 'register', 1, NULL, NULL),
('zjy7b7', 'register', 1, NULL, NULL),
('ht5lrg', 'register', 1, NULL, NULL),
('2tnfj9', 'register', 1, NULL, NULL),
('yktzb5', 'register', 1, NULL, NULL),
('rsj0el', 'register', 1, NULL, NULL),
('2kmaib', 'register', 1, NULL, NULL),
('lqcfdr', 'register', 1, NULL, NULL),
('cjxkxj', 'register', 1, NULL, NULL),
('5dvnas', 'register', 1, NULL, NULL),
('870ue6', 'register', 1, NULL, NULL),
('lrj1tr', 'register', 1, NULL, NULL),
('43fjya', 'register', 1, NULL, NULL),
('8m86mv', 'register', 1, NULL, NULL),
('tn47ap', 'register', 1, NULL, NULL),
('c05nst', 'register', 1, NULL, NULL),
('4d32ng', 'register', 1, NULL, NULL),
('of7wdr', 'register', 1, NULL, NULL),
('bxi3r7', 'register', 1, NULL, NULL),
('rrjwzu', 'register', 1, NULL, NULL),
('s8yivd', 'register', 1, NULL, NULL),
('77n64t', 'register', 1, NULL, NULL),
('xlfajn', 'register', 1, NULL, NULL),
('zgp8wd', 'register', 1, NULL, NULL),
('xzt3rl', 'register', 1, NULL, NULL),
('020u3u', 'register', 1, NULL, NULL),
('pl3lxj', 'register', 1, NULL, NULL),
('31b1rj', 'register', 1, NULL, NULL),
('t2r346', 'register', 1, NULL, NULL),
('dxak9t', 'register', 1, NULL, NULL),
('q1s1no', 'register', 1, NULL, NULL),
('xpptir', 'register', 1, NULL, NULL),
('arohn6', 'register', 1, NULL, NULL),
('3c3eem', 'register', 1, NULL, NULL),
('imu2ja', 'register', 1, NULL, NULL),
('j67y4d', 'register', 1, NULL, NULL),
('k0wx0q', 'register', 1, NULL, NULL);

-- --------------------------------------------------------

--
-- โครงสร้างตาราง `realms`
--

CREATE TABLE IF NOT EXISTS `realms` (
  `id` bigint(20) NOT NULL AUTO_INCREMENT,
  `realmname` varchar(128) DEFAULT NULL,
  `type` varchar(32) DEFAULT NULL,
  `authhost` varchar(256) DEFAULT NULL,
  `accthost` varchar(256) DEFAULT NULL,
  `secret` varchar(128) DEFAULT NULL,
  `ldflag` varchar(64) DEFAULT NULL,
  `nostrip` int(8) DEFAULT NULL,
  `hints` int(8) DEFAULT NULL,
  `notrealm` int(8) DEFAULT NULL,
  `creationdate` datetime DEFAULT NULL,
  `creationby` varchar(128) DEFAULT NULL,
  `updatedate` datetime DEFAULT NULL,
  `updateby` varchar(128) DEFAULT NULL,
  PRIMARY KEY (`id`)
) ENGINE=MyISAM DEFAULT CHARSET=utf8 ROW_FORMAT=DYNAMIC AUTO_INCREMENT=1 ;

-- --------------------------------------------------------

--
-- โครงสร้างตาราง `tb_b_account`
--

CREATE TABLE IF NOT EXISTS `tb_b_account` (
  `id` int(11) NOT NULL AUTO_INCREMENT,
  `username` varchar(50) NOT NULL DEFAULT '',
  `password` varchar(255) NOT NULL DEFAULT '',
  `firstname` varchar(200) DEFAULT NULL,
  `lastname` varchar(200) DEFAULT NULL,
  `dateregis` datetime NOT NULL DEFAULT '0000-00-00 00:00:00',
  `status` varchar(2) NOT NULL DEFAULT '0',
  `user_group` int(10) DEFAULT NULL,
  `hotspot_id` int(11) DEFAULT NULL,
  `boardingpass_code` varchar(300) DEFAULT NULL,
  `authen_url` varchar(2000) DEFAULT NULL,
  `flight_no` varchar(25) DEFAULT NULL,
  `expire_date` datetime DEFAULT NULL,
  `last_access` datetime DEFAULT NULL,
  `cd` datetime DEFAULT NULL,
  `cb` varchar(30) DEFAULT NULL,
  `mb` varchar(30) DEFAULT NULL,
  `md` datetime DEFAULT NULL,
  PRIMARY KEY (`id`)
) ENGINE=MyISAM  DEFAULT CHARSET=utf8 ROW_FORMAT=COMPACT AUTO_INCREMENT=241 ;

--
-- dump ตาราง `tb_b_account`
--

INSERT INTO `tb_b_account` (`id`, `username`, `password`, `firstname`, `lastname`, `dateregis`, `status`, `user_group`, `hotspot_id`, `boardingpass_code`, `authen_url`, `flight_no`, `expire_date`, `last_access`, `cd`, `cb`, `mb`, `md`) VALUES
(1, 'OFfSHK', '181cbf4e0a71216470d0ea6b139128bd', '', '', '2014-05-20 21:32:44', 'A', 3, NULL, '252172301455382', 'c83b160952ed03d6d006e72e1b3cc894', NULL, '2014-05-23 16:43:24', '2014-05-22 16:46:35', NULL, NULL, NULL, '0000-00-00 00:00:00'),
(2, '4plzJk', 'e697ab8acefe032d40b43ada4e389e81', '', '', '2014-05-20 21:40:40', 'A', 3, NULL, '252174792502189', '54389c4b34cfa85917faf756c4d0dfab', NULL, '2014-05-23 16:37:32', '2014-05-20 21:57:17', NULL, NULL, NULL, '0000-00-00 00:00:00'),
(3, 'BLuKGK', 'f783c924087be44a160d8a9a01104f85', '', '', '2014-05-22 11:10:38', 'A', 3, NULL, '', '3a3781d0bb6df872fd8c5761b50584ee', NULL, '2014-06-05 13:38:23', NULL, NULL, NULL, NULL, '0000-00-00 00:00:00'),
(4, 'p1M8K9', '01078b76700b352b1114f673469970e9', '', '', '2014-05-23 14:49:27', 'A', 3, NULL, 'xxxxxxxxxxxxxxxx', '984959fa6c55b121a7d0771f7d472873', NULL, '2014-05-24 14:52:20', NULL, NULL, NULL, NULL, '0000-00-00 00:00:00'),
(5, '9KI8oW', '357ee5816e6929f6cb5123fe7338fa34', '', '', '2014-05-23 20:52:38', 'A', 3, NULL, 'ๅ//ๅึ/-จๅภถถ-คๅ', '26c065cd5b701f887704ce14e04ac320', NULL, '2014-05-24 20:52:38', NULL, NULL, NULL, NULL, '0000-00-00 00:00:00'),
(6, 'gW2FKs', 'a53eeb2e36578c0291e0c4ad54bbdf2a', '', '', '2014-05-23 20:52:56', 'A', 3, NULL, '122172301455381', '518f71ebac0cdafc6512126f8e6b697c', NULL, '2014-05-24 20:52:56', NULL, NULL, NULL, NULL, '0000-00-00 00:00:00'),
(7, 'xuwuBf', '1114aba029ccbe9a67036095ec4586a9', '', '', '2014-05-23 22:09:50', 'A', 3, NULL, 'eiropqweiropqwei', '4fe1e3ed7a67255bd4980d378cc349f8', NULL, '2014-05-24 22:09:50', NULL, NULL, NULL, NULL, '0000-00-00 00:00:00'),
(8, 'KqdOnm', '6329c0ffb0b89e7b6d2ae1cccd91c13e', '', '', '2014-05-24 10:51:30', 'A', 3, NULL, '3333333333333333', '1d1582a5815c1b27f7f536726d64f30b', NULL, '2014-05-26 21:45:41', '2014-05-25 21:50:18', NULL, NULL, NULL, '0000-00-00 00:00:00'),
(9, '0Y49QZ', '213566b4f07e4e7eb71f41af8f3c9028', '', '', '2014-05-24 10:52:14', 'A', 3, NULL, '0000000000000000', '8ef46800a9033b56ed0b88a5dfa5e790', NULL, '2014-05-26 23:07:28', '2014-05-25 22:00:29', NULL, NULL, NULL, '0000-00-00 00:00:00'),
(10, 'SQ5Dui', '9686afe4c8d522557550586744e2cf3c', '', '', '2014-05-25 23:07:03', 'A', 3, NULL, '2222222222222222', 'fa507f4ee57eecad1117566147a1b387', NULL, '2014-05-30 23:07:03', '2014-05-28 20:26:06', NULL, NULL, NULL, '0000-00-00 00:00:00'),
(11, 'keF15Y', '50070caa1c4072191afc814f67444dfd', '', '', '2014-05-28 10:35:00', 'A', 3, NULL, 'puchong0000000000000000000000000000000000000000000000000000000000000000000000000000000000000000000000000000000000000000000000000000000000000000000000000000000000000000000000', '7d5076b73bb937454e8e7b3b591fa13f', NULL, '2014-05-29 10:35:00', '2014-05-28 10:36:43', NULL, NULL, NULL, '0000-00-00 00:00:00'),
(12, 'szxYd1', '70208d2cfd82471d5223e6fb2d8ee959', '', '', '2014-05-28 12:58:19', 'A', 3, NULL, 'M1GREAVES/MARYANNEMRS|EJWZ5MB|BKKBNETG|0473|286Y060F0236|12B>10B2OO3286BTG|122172441137113|2|2319', '553781dc67b3bf2ba17a93d8c10bdcc0', NULL, '2014-06-05 09:01:09', '2014-06-04 02:19:30', NULL, NULL, NULL, '0000-00-00 00:00:00'),
(13, 'ea2dTG', '944a56aabdeff7431e57418a677b7994', '', '', '2014-05-28 12:59:02', 'A', 3, NULL, 'M1GREAVES/MARYANNEMRSM1GREAVES/MARYANNEMRS|EJWZ5MB|BKKBNETG|0473|286Y060F0236|12B>10B2OO3286BTG|122172441137113|2|', 'f0ffc98c9d2aec5244270d921cc9b689', NULL, '2014-06-02 10:28:57', NULL, NULL, NULL, NULL, '0000-00-00 00:00:00'),
(14, 'r253Ck', '91a78a9f84bfa48743b6ee262392245b', '', '', '2014-05-28 12:59:04', 'A', 3, NULL, 'M1GREAVES/MARYANNEMRSM|2319M1GREAVES/MARYANNEMRS|EJWZ5MB|BKKBNETG|0473|286Y060F0236|12B>10B2OO3286BTG|1221', '9623adcd0160d713b064943d66214c58', NULL, '2014-05-29 22:01:19', NULL, NULL, NULL, NULL, '0000-00-00 00:00:00'),
(15, 'mQADGj', 'bdcdd85fc54dd7847ee080275a7c264e', '', '', '2014-05-28 12:59:08', 'A', 3, NULL, 'M1GREAVES/MARYANNEMRSM72441137113|2|2319M1GREAVES/MARYANNEMRS|EJWZ5MB|BKKBNETG|0473|286Y060F0236|', '9996f60437d7a03ec0bc29c219d8c8d4', NULL, '2014-05-29 22:02:40', NULL, NULL, NULL, NULL, '0000-00-00 00:00:00'),
(16, '6mhH4B', '9014c878b7d8d6cfce9f68b1d47522b7', '', '', '2014-05-28 12:59:10', 'A', 3, NULL, 'M1GREAVES/MARYANNEMRSM12B>10B2OO3286BTG|122172441137113|2|2319M1GREAVES/MARYANNEMRS|EJWZ5MB|BKKBN', 'd3bb1a75fd79b9a5c69e83ddce9d9366', NULL, '2014-05-29 22:02:42', NULL, NULL, NULL, NULL, '0000-00-00 00:00:00'),
(17, 'XLCH2a', 'dff5c58f8e0b0a5a2c364a27541a2781', '', '', '2014-05-28 12:59:15', 'A', 3, NULL, 'M1GREAVES/MARYANNEMRSMETG|0473|286Y060F0236|12B>10B2OO3286BTG|122172441137113|2|2319M1GREAVES/MAR', '9b330022b79db021b94696c59df83b86', NULL, '2014-05-29 22:02:44', '2014-05-28 13:11:47', NULL, NULL, NULL, '0000-00-00 00:00:00'),
(18, 'HR4PXD', '9e4322be7502419f48ac7718dae84caa', '', '', '2014-05-28 12:59:16', 'A', 3, NULL, 'M1GREAVES/MARYANNEMRSMYANNEMRS|EJWZ5MB|BKKBNETG|0473|286Y060F0236|12B>10B2OO3286BTG|122172441137113|2|', '294484f8c25c924e7f509c9a0d15c1e9', NULL, '2014-05-29 22:02:45', '2014-05-28 13:55:18', NULL, NULL, NULL, '0000-00-00 00:00:00'),
(19, 'q3fkwG', '028fa8d0e8be5a41d07ad6cfcc45c50d', '', '', '2014-05-28 16:58:45', 'A', 3, NULL, 'M1GREAVES/MARYANNEMRSy00000000000000000000000000000000000000000000000000000000000000222222222222222222222222222222222222222222222222222222222222', 'ef3fac6d68804c8b80ccba870a1e6236', NULL, '2014-05-29 16:58:45', NULL, NULL, NULL, NULL, NULL),
(20, '9i1IX6', 'ac3faee3f6dae322e3bec2ccd7342a1e', '', '', '2014-05-28 17:00:45', 'A', 3, NULL, 'M1GREAVES/MARYANNEMRSM|2319M1GREAVES/MARYANNEMRS|EJWZ5MB|BKKBNETG|0473|286Y060F0236|12B>10B2OO3286BTG|122172441137113|', 'b3e07286e379ef00707fb2ea3be3fc36', NULL, '2014-05-29 17:00:45', NULL, NULL, NULL, NULL, NULL),
(21, 'sXFzJU', 'eb0d20b207bec024f276e1c6a259b2bd', '', '', '2014-05-28 17:00:55', 'A', 3, NULL, 'M1GREAVES/MARYANNEMRSM2|2319M1GREAVES/MARYANNEMRS|EJWZ5MB|BKKBNETG|0473|286Y060F0236|12B>10B2OO32', '1d433625e215c462060e0f5048b139f5', NULL, '2014-05-29 17:00:55', NULL, NULL, NULL, NULL, NULL),
(22, 'nROcxD', '31688d403a9d0ab6b40175d79d654f4b', '', '', '2014-05-28 17:03:07', 'A', 3, NULL, 'F0236|12B>10B2OO3286BTG|122172441137113|2|2319M1GREAVES/MARYANNEMRS|EJWZ5MB|BKKBNETG|0473|286Y060', 'e9bced98f684b8e03b3355d2baf67478', NULL, '2014-05-29 17:03:07', NULL, NULL, NULL, NULL, NULL),
(23, '3jseAg', 'a4db8b06cb84f44c6d6fb284136ccbc9', '', '', '2014-05-28 17:06:05', 'A', 3, NULL, '990-01699-20990-01699-20990-01699-20990-01699-20990-01699-20990-01699-20990-01699-20990-01699-20990-01699-20990-01699-2099', '973f777d6bf605f05c72d12ff8fd0ac7', NULL, '2014-05-29 17:06:05', NULL, NULL, NULL, NULL, NULL),
(24, '15p81Q', 'aa9f1afca4238b8275a9249b5fc2ca49', '', '', '2014-05-28 17:06:11', 'A', 3, NULL, '990-01699-20990-01699-0-01699-20I00M0048E990-01699-20I00M0048EI00M0048E990-01699-20990-01699-20AT-MC103XL-20AT-MC103XL-209', '504efad61ff1c2ad39e880e10809a58b', NULL, '2014-05-29 17:06:11', NULL, NULL, NULL, NULL, NULL),
(25, '5520Bq', '905576025808176c2d50439924127d16', '', '', '2014-05-28 17:06:16', 'A', 3, NULL, '990-01699-20990-01699-90-01699-20AT-MC103XL-20990-01699-20990-01699-20990-01699-20AT-MC103XL-20AT-MC103XL-20AT-MC103XL-20A', 'dcbf6ed83c6c65592ee2bc23ef9d07c4', NULL, '2014-05-29 17:06:16', NULL, NULL, NULL, NULL, NULL),
(26, 'YFi7UV', '4f0165732e63a96505ccc42b317e229d', '', '', '2014-05-28 19:26:26', 'A', 3, NULL, '1400G2D-2USB13077B1F4A1400G2D-2USB13077B1F4A13077B1F4A13077B1F4A13077B1F4A13077B1F4A13077B1F4A1400G2D-2USB1400G2D-2USB1400', '3355879a1142324172a38984d55d4f77', NULL, '2014-05-29 19:26:26', NULL, NULL, NULL, NULL, NULL),
(27, '5skob8', 'd965f0d39ae5aac62dd7e3c6fc40ebc8', '', '', '2014-05-28 21:55:07', 'A', 3, NULL, 'O3286BTG|122172441137113|2|2319M1GREAVES/MARYANNEMRS|EJWZ5MB|BKKBNETG|0473|286Y060F0236|12B>10B2O', 'a921f3a74320d893e23814319a399d0c', NULL, '2014-05-29 21:55:07', NULL, NULL, NULL, NULL, NULL),
(28, 'oru0h2', '1fbd4d15272b6ff38a1daccce6463bbc', '', '', '2014-05-28 21:55:08', 'A', 3, NULL, 'O3286BTG|1221724411371O3286BTG|122172441137113|2|2319M1GREAVES/MARYANNEMRS|EJWZ5MB|BKKBNETG|0473|', '431d92dd93c03cd4244643435adaa097', NULL, '2014-05-29 21:55:08', NULL, NULL, NULL, NULL, NULL),
(29, 'v19b2s', '0d43742f45bb9453481ee0ff5cbbf3e4', '', '', '2014-05-28 21:56:11', 'A', 3, NULL, 'M1GREAVES/MARYANNEMRSM|M1GREAVES/MARYANNEMRS|EJWZ5MB|BKKBNETG|0473|286Y060F0236|12B>10B2OO3286BTG|12217244', 'a03b38892f0a7b78dcb2eaae8610c4c1', NULL, '2014-05-29 21:56:11', NULL, NULL, NULL, NULL, NULL),
(30, 'cipkma', '21c60f0395675077fe226c6ea2d1e82b', '', '', '2014-05-28 22:07:17', 'A', 3, NULL, '|2319M1GREAVES/MARYANNEMRS|EJWZ5MB|BKKBNETG|0473|286Y060F0236|12B>10B2OO3286BTG|122172441137113|2|', '969b3c6119c9c694dc2da038296f5d56', NULL, '2014-06-02 22:09:17', '2014-06-01 09:44:06', NULL, NULL, NULL, NULL),
(31, 'xiwtiq', '9b7d4609feb9a1ea172394cb30d42aeb', '', '', '2014-05-28 22:08:17', 'A', 3, NULL, '|0473|286Y060F0236|12B>10B2OO3286BTG|122172441137113|2|2319M1GREAVES/MARYANNEMRS|EJWZ5MB|BKKBNETG', '6538882d76adc38934599670d07e58d1', NULL, '2014-05-29 22:08:17', NULL, NULL, NULL, NULL, NULL),
(32, 'mu4co3', '4127aed5454d8cbab70082fb273adffe', '', '', '2014-05-28 22:08:22', 'A', 3, NULL, '22172441137113|2|2319M1GREAVES/MARYANNEMRS|EJWZ5MB|BKKBNETG|0473|286Y060F0236|12B>10B2OO3286BTG|1', 'ce20124004ec567242040ad18ac5326b', NULL, '2014-05-29 22:08:22', NULL, NULL, NULL, NULL, NULL),
(33, 'j7sva7', 'fbd368474717a953dcdc56a4f8c22b0b', '', '', '2014-05-28 22:08:23', 'A', 3, NULL, '22172441137113|222172441137113|2|2319M1GREAVES/MARYANNEMRS|EJWZ5MB|BKKBNETG|0473|286Y060F0236|12B', 'c5ed1c332f968300c58ac94dd5b804d0', NULL, '2014-05-29 22:08:23', NULL, NULL, NULL, NULL, NULL),
(34, 'rb4o5m', 'cc0302b7649786e417ab97f34e03352a', '', '', '2014-05-28 22:08:27', 'A', 3, NULL, '2319M1GREAVES/MARYANNEMRS|EJWZ5MB|BKKBNETG|0473|286Y060F0236|12B>10B2OO3286BTG|122172441137113|2|', '3366b2b2dd044c5891d2a6d6adf30975', NULL, '2014-05-29 22:08:27', NULL, NULL, NULL, NULL, NULL),
(35, 'jj58fq', '5234399c5be20a921d6038e41cb27576', '', '', '2014-05-28 22:08:29', 'A', 3, NULL, 'BKKBNETG|0473|286Y060F0236|12B>10B2OO3286BTG|122172441137113|2|2319M1GREAVES/MARYANNEMRS|EJWZ5MB|', '01b54f745408c8efcc16a4ac88afdb7d', NULL, '2014-05-29 22:08:29', NULL, NULL, NULL, NULL, NULL),
(36, 'eaxiy2', 'ac5f3b83728fb5da7cd6f0b2a74b687a', '', '', '2014-05-28 22:08:33', 'A', 3, NULL, '473|286Y060F0236|12B>10B2OO3286BTG|122172441137113|2|2319M1GREAVES/MARYANNEMRS|EJWZ5MB|BKKBNETG|0', '90d21df6e85c8f0434fc921a3749cbb3', NULL, '2014-05-29 22:08:33', NULL, NULL, NULL, NULL, NULL),
(37, 'fuoz1a', '728507a26ea540ea1243b70e7b4b9cc6', '', '', '2014-05-28 22:08:35', 'A', 3, NULL, '473|286Y060F0236|12B>1473|286Y060F0236|12B>10B2OO3286BTG|122172441137113|2|2319M1GREAVES/MARYANNE', '5a1bc9bb0ae1a45d02912a74883f66c6', NULL, '2014-05-29 22:08:35', NULL, NULL, NULL, NULL, NULL),
(38, 'mot611', 'c9520bcccc58f5b6da8e00ddfa837091', '', '', '2014-05-28 22:08:39', 'A', 3, NULL, '2319M1GREAV|2319M1GREAVES/MARYANNEMRS|EJWZ5MB|BKKBNETG|0473|286Y060F0236|12B>10B2OO3286BTG|122172441137113|2|', 'aebf0685cdc2a7d850f7c3a89298629f', NULL, '2014-05-29 22:08:39', NULL, NULL, NULL, NULL, NULL),
(39, 'g9viba', '1af04cd472b53e087b250c5281af315f', '', '', '2014-05-28 22:09:13', 'A', 3, NULL, 'G|0473|286Y060F0236|12B>10B2OO3286BTG|122172441137113|2|2319M1GREAVES/MARYANNEMRS|EJWZ5MB|BKKBNET', '8547ec44069e8ea6eeb3496de21168a0', NULL, '2014-05-29 22:09:13', NULL, NULL, NULL, NULL, NULL),
(40, '91z6kz', '27bf809bc70ee98fa122ffa0c5ad6f2a', '', '', '2014-05-28 22:09:53', 'A', 3, NULL, 'BTG|122172441137113|2|2319M1GREAVES/MARYANNEMRS|EJWZ5MB|BKKBNETG|0473|286Y060F0236|12B>10B2OO3286', '2d977ec7ff9d78410a3aaca445ffe7c3', NULL, '2014-05-29 22:09:53', NULL, NULL, NULL, NULL, NULL),
(43, 'nwktm7', '9d481bed5a9c9525de341ae36960f26b', '', '', '2014-05-29 21:55:22', 'A', 3, NULL, 'sdflsldf|sdflksadflsdf|sdfsadf|sadf|aslkf|saf|salkfjlskdjfsa|dflsd|fs|dfl|asfl|sad|fsladfjslkdjfksafjasldf|sd|flsjflksdjfl', 'ca42e67ede2a8b526315cd037e117f36', NULL, '2014-05-30 21:55:22', NULL, NULL, NULL, NULL, NULL),
(44, 'm5xwgf', 'c6cb9dd4106d78139b91de27a530a861', '', '', '2014-05-30 23:45:09', 'A', 3, NULL, 'M1EGAN/JOHNPATRICK|EQJQ3KR|BKKUBPTG|2030|150Y041H0062|13E>10B0OO4150BTG|252172303558050|2|UA|NN240253|UA*G1640', '8b4f2825caf95b4f09fa2df377db47aa', NULL, '2014-06-01 00:48:15', NULL, NULL, NULL, NULL, NULL),
(45, '71clrc', '99234578d90eb92a46280afce123941b', '', '', '2014-05-30 23:59:05', 'A', 3, NULL, 'M1SIRIKET/SURIYAMR|EQNL5SG|BKKKKCTG|2044|150Y044K0043|13E>10B0OO4150BTG|252172303681253|0|TG|NM84579|TG*S1325', '7f2705f8698f6ce5bac7484d7ab29614', NULL, '2014-06-01 00:12:55', NULL, NULL, NULL, NULL, NULL),
(46, 'zi5paq', 'ca8973e774ee915f24acfc59123d2d27', '', '', '2014-05-31 00:05:11', 'A', 3, NULL, 'M1SOMBATSIRI/SOOTTICHAEQAMB9S|BKKUTHTG|2004|149C032A0087|13E>10B0OO4149BTG|252172303506429|0|TG|KT58567|TG*|1000', 'a7597222e9d181e795b5cf0ba204dc2f', NULL, '2014-06-01 00:08:25', NULL, NULL, NULL, NULL, NULL),
(47, '7hj1jn', '37381128ea639f2147801f547211c267', '', '', '2014-05-31 06:59:26', 'A', 3, NULL, 'M1KATANYUTA/SUKANYA|E62PF5D|BKKCNXTG|0102|151Y031A0104|37F>5320|B|2A|', 'ff213030013e0a8c35348d2780f81d02', NULL, '2014-06-01 07:01:36', NULL, NULL, NULL, NULL, NULL),
(48, 'uyd161', '52db6b4e83c9bf2bea60ebfc7883dfae', '', '', '2014-05-31 11:10:43', 'A', 3, NULL, 'M1CHOEYPUNT/CHATCHAIMREQKHBVC|BKKUTHTG|2004|151Y037A0052|12B>10B1OO4151BTG|122172303606040|0|IDZL1000', '1c7fb6644bb2aa82d382652bb76e74a6', NULL, '2014-06-01 14:58:37', NULL, NULL, NULL, NULL, NULL),
(49, 'uf1yks', 'bef57c9c468393758371f72610cff671', '', '', '2014-05-31 13:07:30', 'A', 3, NULL, 'M1KHODABAKS/ALWINMR|EQALAYT|BKKCEITG|2134|151C032C0058|12B>10B0OO4151BTG|122174834782485|0|1320', '865b77d5e4977f40f79cd91ebd405393', NULL, '2014-06-01 13:11:04', NULL, NULL, NULL, NULL, NULL),
(50, '6hslk4', '87dab8f588b8d0e02b9b0449f7c868c8', '', '', '2014-06-01 05:11:17', 'A', 3, NULL, 'M1SUGIMOTO/AKIRAMR|EQ997ZP|BKKUTHTG|2002|152Y037A0004|13E>10B0OO4152BTG|252175214837196|0|NH|3107278544|NH*G0740', '7ce17a45795a89258d673bd7514dc8bd', NULL, '2014-06-02 05:11:17', NULL, NULL, NULL, NULL, NULL),
(51, 's07va2', '109414e485b79cc6306cb09ba4970bd1', '', '', '2014-06-01 13:14:57', 'A', 3, NULL, 'M1JACKSON/JOHNMR|EQKVKD2|BKKKKCTG|2044|152C033A0042|12B>10B0OO4152BTG|122172303640383|0|1325', '711a86f74a62eb38afeb8dd896269d4f', NULL, '2014-06-05 07:47:09', '2014-06-01 13:37:25', NULL, NULL, NULL, NULL),
(52, 'yp1b6n', '62babe210f6f2c81278e3dfb21a0e658', '', '', '2014-06-01 13:41:36', 'A', 3, NULL, 'M1BELVER/PHILIPPE|E62CQOX|BKKHKTTG|0213|152C015E0083|37F>5320|B|2A|', '8ba1a471bbcf9f5825bbbec88924a608', NULL, '2014-06-02 13:41:36', NULL, NULL, NULL, NULL, NULL),
(53, 'ztsolw', 'ff8aaaf03376a830d9e826f2fa4ea6e7', '', '', '2014-06-01 13:51:27', 'A', 3, NULL, 'M1NOERPEL/CLEMENSMR|EQKSJ3H|BKKKKCTG|2052|152C032A0034|12B>10B0OO4152BTG|122172303611812|0|1450', '53b85d34805507370a0afbd3dd8f62e1', NULL, '2014-06-02 14:31:03', '2014-06-01 14:39:14', NULL, NULL, NULL, NULL),
(54, '0lvzzw', '7941d9dba286cee6656bb5ea02a1516a', '', '', '2014-06-01 13:59:11', 'A', 3, NULL, 'M1HUG/KODCHAWANMR|EJRP9ZT|BKKCNXTG|2114|152C032K0018|13E>10B2WO4152BTG|252174652084345|2|TG|YA08184|TG*|1500', '001d87cf19fc995e3fe8dfa737596fcb', NULL, '2014-06-02 14:25:56', '2014-06-01 14:24:42', NULL, NULL, NULL, NULL),
(55, 'xi0ig7', '2a6f7f67e2de81be3dad9d5d895a6cc1', '', '', '2014-06-01 14:00:10', 'A', 3, NULL, 'M1HUG/STEPHANEMR|EJRP9ZT|BKKCNXTG|2114|152C032H0017|13E>10B0WO4152BTG|252174652084344|2|LH|992221633543451|LH*|1500', '90c4a061404cd5391012e076a44d8e54', NULL, '2014-06-02 14:00:10', NULL, NULL, NULL, NULL, NULL),
(56, '9oq3w2', '5580808c3885403fa3a9f3ab001c69b2', '', '', '2014-06-01 14:33:01', 'A', 3, NULL, 'M1TEPBUNTERNG/SATAYAMREQN6DRV|BKKKKCTG|2052|152C032C0095|13E>10B0OO4152BTG|252172303686516|0|TG|ZS62579|TG*G1450', '7c014a8dba2706f62676d7538c850cf1', NULL, '2014-06-02 14:33:01', '2014-06-01 14:34:00', NULL, NULL, NULL, NULL),
(57, '98ddat', 'df4d326b4e1bef1bd60b30693fb60b7c', '', '', '2014-06-01 14:58:40', 'A', 3, NULL, 'M1SAOWAKONTHA/SASTRIDREQ2SGJV|BKKKKCTG|2052|152C031H0039|12B>10B0OO4152BTG|122172303222138|0|1450', '42ee8d4309deb6d6d9b0c43dcf2ca7aa', NULL, '2014-06-02 14:58:40', '2014-06-01 15:00:08', NULL, NULL, NULL, NULL),
(58, 'vzgry9', '79e6a398973d1deaa63e5f9c15b5f749', '', '', '2014-06-01 15:44:00', 'A', 3, NULL, 'M1DUPUY/JEANFRANCOI|EQHLR59|BKKHDYTG|2261|152C032K0077|12B>10B0OO4152BTG|120572349583926|0|1450', '3032eb2f534464d16a1246142a3c58e3', NULL, '2014-06-02 15:44:00', NULL, NULL, NULL, NULL, NULL),
(59, 'tfynr5', 'b8bf0cd3a8e64bfaece13861343e8fc4', '', '', '2014-06-01 15:56:31', 'A', 3, NULL, 'M1SINGKHASELIT/NUTTACHEI7HQ2G|BKKUBPTG|2030|152C033C0074|13E>10B2OO4152BTG|252172301912144|0|TG|GV14546|TG*|1640', 'd5169de9127cdb9830c0580653eebe25', NULL, '2014-06-02 15:56:31', '2014-06-01 15:57:04', NULL, NULL, NULL, NULL),
(60, 'huakkj', '034ead906ae8e07b04f1373e6ed12667', '', '', '2014-06-01 16:37:20', 'A', 3, NULL, 'M1SILARUKS/SONGKWAN|E59WKTL|BKKKKCTG|0046|152Y068D0113|37F>5320|B|2A|', '180d48a0794f77c1462f2990cad0dad4', NULL, '2014-06-02 16:37:20', '2014-06-01 16:52:50', NULL, NULL, NULL, NULL),
(61, 'ra0v8c', '81d6f0a8eff4bd1a6fa384bafe8541d2', '', '', '2014-06-01 17:09:47', 'A', 3, NULL, 'M1SAKOLCHAI/SUMON|E46BSHM|BKKKKCTG|0046|152Y033B0044|37F>5320|B|2A|', '7c4e26d5d47e6390837b42e4f953b22e', NULL, '2014-06-02 17:09:47', NULL, NULL, NULL, NULL, NULL),
(62, '3qyobj', 'ee1609c9d1e78182175d44e75a230fba', '', '', '2014-06-01 17:35:49', 'A', 3, NULL, 'M1CHUCHOT/PORNTIPMRS|EI7HYFT|BKKHDYTG|2263|152C031K0042|13E>10B2OO4152BTG|252172301912150|0|TG|GR74979|TG*|1800', 'f5fa1595f504438da021affa66e5d87a', NULL, '2014-06-02 17:35:49', '2014-06-01 17:39:12', NULL, NULL, NULL, NULL),
(63, 'a9wr6b', '999c1f85bde67b6bbe365f322ea180f6', '', '', '2014-06-01 19:07:46', 'A', 3, NULL, 'M1CHOTIWUTPHATHON/THAREI7HYFT|BKKHDYTG|2263|152C031H0041|13E>10B0OO4152BTG|252172301912149|0|TG|GR74980|TG*|1800', 'd4289f73b66944a4beaf490418464034', NULL, '2014-06-02 19:34:53', '2014-06-01 22:43:50', NULL, NULL, NULL, NULL),
(64, '8awp9a', 'e16c83c2adfe41df0e1404034d775717', '', '', '2014-06-02 05:54:33', 'A', 3, NULL, 'M1IRANI/ZUBIN|JAMSHED|E2WJ2VF|BKKUSMTG|0281|153Y048H0078|37F>5320|B|2A|', '46c77adbfacb6e97797767f0046f49f8', NULL, '2014-06-03 05:54:33', '2014-06-02 05:58:38', NULL, NULL, NULL, NULL),
(65, 'voni9i', 'd3f0722d62d1f2f74ca2893cb234e9e3', '', '', '2014-06-02 07:10:00', 'A', 3, NULL, 'M1VASWANI/ROHAN|E6XXKDE|BKKHKTTG|0203|153C014F0128|37F>5320|B|2A|', '959105c5b4a31e981318db72d1eefe5b', NULL, '2014-06-03 07:10:00', NULL, NULL, NULL, NULL, NULL),
(66, '10mxok', 'c1a0932f1d13149029b8ef4075440fcf', '', '', '2014-06-02 09:26:09', 'A', 3, NULL, 'M1MAHGOUB/HASSAN|E5O6TMX|BKKCNXTG|0106|153C014B0039|37F>5320|B|2A|', 'ef556b567c3d72e4d55883f0908d0217', NULL, '2014-06-03 09:26:09', '2014-06-02 09:34:07', NULL, NULL, NULL, NULL),
(67, 't0bqsr', '3a1ebb4628875b424c60aa23de73293e', '', '', '2014-06-02 12:19:20', 'A', 3, NULL, 'M1STEWART/ALASDAIR|DENE687PUW|BKKHKTTG|0215|153C011A0101|37F>5320|B|2A|', 'f586514ef5d5c6356dd4c0a952f69da3', NULL, '2014-06-03 12:19:33', NULL, NULL, NULL, NULL, NULL),
(68, 'liy9ud', '97b400e23ce1bfc7fe6a73ae7273733e', '', '', '2014-06-02 13:38:47', 'A', 3, NULL, 'M1YOU/YOUNG|IL|E6GD9VI|BKKCEITG|0140|153C012A0003|37F>5320|B|2A|', 'e150b96deefc237a3545fc2df4dd97c6', NULL, '2014-06-03 13:38:47', '2014-06-02 17:26:30', NULL, NULL, NULL, NULL),
(69, 'y7o8cp', '8e87724367b609392a6089d612ade668', '', '', '2014-06-02 16:24:47', 'A', 3, NULL, 'M1DUSITSUTIRAT/TUSANEEEQGY8F5|BKKURTTG|2255|153C031C0058|13E>10B2OO4153BTG|252172303418141|0|TG|YD78849|TG*S1715', '147ace2157b2bd92f80989f5853fb265', NULL, '2014-06-03 16:24:47', '2014-06-02 16:30:40', NULL, NULL, NULL, NULL),
(70, 'v0io38', '06abdcc7d0c15deddbe681e1860fdfa7', '', '', '2014-06-02 21:45:08', 'A', 3, NULL, 'M1HOSSAIN/ABED|E6735N2|BKKCCUTG|0313|153Y037B0057|37F>5320|B|2A|', '372dd8b04a457e5a1a95947443d3d805', NULL, '2014-06-03 21:59:18', NULL, NULL, NULL, NULL, NULL),
(71, '0g0a1m', '825dbabb86cc1aadfc61bf07f203e90c', '', '', '2014-06-02 22:43:57', 'A', 3, NULL, '------------------------------------------------------------------------------------------------------------------------------------------------------------------------------------------------------------------------------------------------------------------------------------------------------------', '6e64804c37a1bf7b7a1d92222621bab7', NULL, '2014-06-03 22:43:57', NULL, NULL, NULL, NULL, NULL),
(72, '78ad5d', 'b413c958a747773e3528566dbea3d22c', '', '', '2014-06-02 22:57:49', 'A', 3, NULL, 'DUMMYb413c958a747773e3528566dbea3d22c', 'd01a41bd0cf7098163ae8c73a33d6c3b', NULL, '2014-06-03 22:57:49', NULL, NULL, NULL, NULL, NULL),
(73, 'yij8kd', '28e3a4b7ee04618c4ee8aca1c2475eb3', '', '', '2014-06-02 22:57:49', 'A', 3, NULL, 'DUMMY28e3a4b7ee04618c4ee8aca1c2475eb3', 'd0aceb7b92946b3a0676152f11ca999f', NULL, '2014-06-03 22:57:49', NULL, NULL, NULL, NULL, NULL),
(74, 'pw7dki', '8f333150b7f2585e3ede91334a24bd5d', '', '', '2014-06-02 22:57:49', 'A', 3, NULL, 'DUMMY8f333150b7f2585e3ede91334a24bd5d', '608f77f2f162b5bf409e20010d3c6d58', NULL, '2014-06-03 22:57:49', NULL, NULL, NULL, NULL, NULL),
(75, 'lqjrfw', '2597591c0d71668274106a9b71c8ceb8', '', '', '2014-06-02 22:57:49', 'A', 3, NULL, 'DUMMY2597591c0d71668274106a9b71c8ceb8', '9f89a5ef0fdebc781a26e39a13ce2515', NULL, '2014-06-03 22:57:49', NULL, NULL, NULL, NULL, NULL),
(76, 'd482mu', '05f36f3cca2f9ce3741d43c35d041397', '', '', '2014-06-02 22:57:49', 'A', 3, NULL, 'DUMMY05f36f3cca2f9ce3741d43c35d041397', '70578e9b73f2373aea3cd155d3428276', NULL, '2014-06-03 22:57:49', NULL, NULL, NULL, NULL, NULL),
(77, 'i744co', '57e0ef4781cb77826a34ea89eaa935db', '', '', '2014-06-02 23:08:40', 'A', 3, NULL, 'M1RUNGTHAMPAISAN/WANPHE4DYFR5|BKKMXPTG|0940|154Y032H0075|37F>5320|B|2A|', '9321a368b26a85272734120262374732', NULL, '2014-06-03 23:08:40', NULL, NULL, NULL, NULL, NULL),
(78, 'ztvy4t', '238c34751345674c845a9dcfbc55e53f', '', '', '2014-06-02 23:16:36', 'A', 3, NULL, 'M1JATURASRIVILAI/PRASOE4DYFR5|BKKMXPTG|0940|154Y047G0058|37F>5320|B|2A|', '0f3e16689dee1b1383fdadd6ddd5f7ed', NULL, '2014-06-03 23:16:36', NULL, NULL, NULL, NULL, NULL),
(79, '0rr6xt', '6789e600d8abaf5d52d427355d513fd2', '', '', '2014-06-02 23:34:46', 'A', 3, NULL, 'DUMMY6789e600d8abaf5d52d427355d513fd2', '667f37ab88a07a9fe5a16c818651e140', NULL, '2014-06-03 23:34:46', NULL, NULL, NULL, NULL, NULL),
(80, 'qn1glu', '0e653311a635289b5039d379d9a74e74', '', '', '2014-06-02 23:34:46', 'A', 3, NULL, 'DUMMY0e653311a635289b5039d379d9a74e74', '10df70f2ce1bf9804099450f0b0db56e', NULL, '2014-06-03 23:34:46', NULL, NULL, NULL, NULL, NULL),
(81, 'tyzxl0', '6d8c396ae6e3051dd94c3263d91cf6d2', '', '', '2014-06-02 23:34:46', 'A', 3, NULL, 'DUMMY6d8c396ae6e3051dd94c3263d91cf6d2', 'f1268845d3c080189516b4b83e84ae94', NULL, '2014-06-03 23:34:46', NULL, NULL, NULL, NULL, NULL),
(82, 'pfoh28', '0b1216fafd5311bd27d7baff76a76b25', '', '', '2014-06-02 23:34:46', 'A', 3, NULL, 'DUMMY0b1216fafd5311bd27d7baff76a76b25', 'f9897e85863439d56f59baf6130a1134', NULL, '2014-06-03 23:34:46', NULL, NULL, NULL, NULL, NULL),
(83, 'hbq2f9', 'a010a3903a56e6ee3dd0b53cf5c5e5bd', '', '', '2014-06-02 23:34:46', 'A', 3, NULL, 'DUMMYa010a3903a56e6ee3dd0b53cf5c5e5bd', 'dbbadbda8963d8a1c465b1d073ebae7b', NULL, '2014-06-03 23:34:46', NULL, NULL, NULL, NULL, NULL),
(84, 'djx905', '49e53ff59897f277ef72daa581c37432', '', '', '2014-06-02 23:36:48', 'A', 3, NULL, 'DUMMY49e53ff59897f277ef72daa581c37432', '55ac63552bda05fbca3532902ad15aa9', NULL, '2014-06-03 23:36:48', NULL, NULL, NULL, NULL, NULL),
(85, '6kr6m6', 'a627b295a25831bcfa2e0ae76b0f4dc1', '', '', '2014-06-02 23:36:48', 'A', 3, NULL, 'DUMMYa627b295a25831bcfa2e0ae76b0f4dc1', 'f85e4eccbac2d68586a6ac0595856776', NULL, '2014-06-03 23:36:48', NULL, NULL, NULL, NULL, NULL),
(86, 'xrh2q1', '1f011686e9b10eabc35aaceda8704bb9', '', '', '2014-06-02 23:36:48', 'A', 3, NULL, 'DUMMY1f011686e9b10eabc35aaceda8704bb9', '6b13c079cb3ded607d6b70943a2cedc5', NULL, '2014-06-03 23:36:48', NULL, NULL, NULL, NULL, NULL),
(87, 'junuu1', 'efd653c481ad3e151b20cf40d3a31318', '', '', '2014-06-02 23:37:57', 'A', 3, NULL, 'DUMMYefd653c481ad3e151b20cf40d3a31318', '1a6539a9a2592239161c397e73a1a45f', NULL, '2014-06-03 23:37:57', NULL, NULL, NULL, NULL, NULL),
(88, 'zipt1j', '3ccd250f4875cd1e913f251c445c8aea', '', '', '2014-06-02 23:37:57', 'A', 3, NULL, 'DUMMY3ccd250f4875cd1e913f251c445c8aea', 'f80d3c1e018004df1012b5cd74d77f96', NULL, '2014-06-03 23:37:57', NULL, NULL, NULL, NULL, NULL),
(89, 'maed57', '7d82e60ef3fdb194a982317b06495e67', '', '', '2014-06-02 23:41:32', 'A', 3, NULL, 'DUMMY7d82e60ef3fdb194a982317b06495e67', '72aa2de3b3e08ea594c9b5cc142aabfc', NULL, '2014-06-03 23:41:32', NULL, NULL, NULL, NULL, NULL),
(90, '0wjwjs', '552cb046e55fe3cbb4e83791badc9f6f', '', '', '2014-06-02 23:41:32', 'A', 3, NULL, 'DUMMY552cb046e55fe3cbb4e83791badc9f6f', 'cb46c186298057f8f5d4e466f9904c48', NULL, '2014-06-03 23:41:32', NULL, NULL, NULL, NULL, NULL),
(91, '8rwky6', '24ccd5f02bed02e4b87e97d8f836ab3a', '', '', '2014-06-02 23:42:21', 'A', 3, NULL, 'DUMMY24ccd5f02bed02e4b87e97d8f836ab3a', 'bc13e0b35bb1553bf607c7ee0a569199', NULL, '2014-06-03 23:42:21', NULL, NULL, NULL, NULL, NULL),
(92, 'r5pp0c', '6a111b18db0a78eb650d645a441904cf', '', '', '2014-06-02 23:42:21', 'A', 3, NULL, 'DUMMY6a111b18db0a78eb650d645a441904cf', 'ae3fe1c19659b06dc22de4ce091c1b71', NULL, '2014-06-03 23:42:21', NULL, NULL, NULL, NULL, NULL),
(93, 'tvyncw', '300e7f3068b7ef0cf3d362c699ab91c3', '', '', '2014-06-02 23:46:32', 'A', 3, NULL, 'M1LU/CHINGWEN|E67WPKR|BKKCPHTG|0950|154Y035F0056|37F>5320|B|2A|', '439d8bdcb789c7797799bf58057202ba', NULL, '2014-06-03 23:46:32', NULL, NULL, NULL, NULL, NULL),
(94, '0m7g3o', 'bdd537fd5706f7bfbac59643e97c13d4', '', '', '2014-06-03 00:02:06', 'A', 3, NULL, 'M1LUI/WINGYIU|E3OHNF9|BKKCPHTG|0950|154C011E0107|37F>5320|B|2A|', 'aab6ec814d8f6a4707906129d736c8ab', NULL, '2014-06-04 00:02:06', '2014-06-03 00:29:09', NULL, NULL, NULL, NULL),
(95, 'rbhd6i', '0e26dc3704efe73c658adae050692ea6', '', '', '2014-06-03 05:49:51', 'A', 3, NULL, 'M1ZACCAGNINI/CLAUDIOMREQPSDJ6|BKKHKTTG|0201|154C016B0056|12B>10B0OO4153BTG|122174871321821|0|TG*S0715', '00d1f5979427c5ee5c2eb5e60178d174', NULL, '2014-06-04 05:49:51', '2014-06-03 06:47:31', NULL, NULL, NULL, NULL),
(96, 'zv5dwi', '80af149e789826d0e20f08a6fc2e6ee5', '', '', '2014-06-03 06:00:45', 'A', 3, NULL, 'M1SAINUAN/PHORNMANATM|EQP7NHQ|BKKCNXTG|2114|153C032H0059|13E>10B0OO4153BTG|252172303664640|0|TG|NS03341|TG*S1500', 'fb84460f95e5919a07c7cae4410094ad', NULL, '2014-06-04 06:01:58', '2014-06-03 06:11:31', NULL, NULL, NULL, NULL),
(97, 'eedmpg', 'fba15825ef36d27228b9b328c610cb1f', '', '', '2014-06-03 06:13:48', 'A', 3, NULL, 'M1HAYASHI/TATSURO|E4IOOY9|BKKNRTTG|0676|154C020D0015|37F>5320|B|2A|', 'cc60a8c2de22cb7ec53532b3be4e547e', NULL, '2014-06-04 06:13:48', '2014-06-03 06:28:53', NULL, NULL, NULL, NULL),
(98, '2y9vfe', '1be3864bcde2079d0780af10ea6ae51c', '', '', '2014-06-03 06:26:30', 'A', 3, NULL, 'M1BOYD/PRUDENCE|E3FTXP7|MELBKKTG|0462|153C016F0058|37F>5320|B|2A|', '09801597b1af081174b17388f3fb20f9', NULL, '2014-06-04 06:26:30', '2014-06-03 06:35:20', NULL, NULL, NULL, NULL),
(99, 'pmyfv6', '391508715b9765c4d9ea79e3484535ed', '', '', '2014-06-03 06:27:28', 'A', 3, NULL, 'M1BOYD/ALAN|E3KPWJQ|MELBKKTG|0462|153C016E0059|37F>5320|B|2A|', '23529b3488f4e2c34796ba656fe05168', NULL, '2014-06-04 06:28:51', NULL, NULL, NULL, NULL, NULL),
(100, '2slbv0', '906cbeca78040810c16dc1e59833f869', '', '', '2014-06-03 06:33:11', 'A', 3, NULL, 'M1ARNUPAVATHAM/JERAWATE6ZW7SK|BKKCEITG|0130|154Y033H0041|37F>5320|B|2A|', 'c585b5ee724852e99a600d7046701e65', NULL, '2014-06-04 06:33:11', NULL, NULL, NULL, NULL, NULL),
(101, 'c9ilf7', '7ab9c31edcfec67659f76c86bd07a71a', '', '', '2014-06-03 06:43:59', 'A', 3, NULL, 'M1DALPONT/BERTRANDMR|EQ9R82M|BKKPNHTG|2580|154Y038A0073|12B>10B0OO4154BTG|122175253400033|2|0715', '25ef1c537c56fe281c57cf986dec8f72', NULL, '2014-06-04 06:43:59', NULL, NULL, NULL, NULL, NULL),
(102, '2ux4pn', '44f2b9a1778635d278fad9ec1a6f16a2', '', '', '2014-06-03 06:45:05', 'A', 3, NULL, 'M1SENGUPTA/TANMAY|E6ZT39Y|BKKPVGTG|0664|154Y046H0031|37F>5320|B|2A|', 'a1de83d5c020b3ae908e82e418fd0a6a', NULL, '2014-06-04 06:45:05', NULL, NULL, NULL, NULL, NULL),
(103, '5zxv5z', 'c75e154207cac5d53b06aa67d99c88cd', '', '', '2014-06-03 06:55:37', 'A', 3, NULL, 'M1ROSENDAHL/WERNER|E647BNV|BKKHKTTG|0201|154Y032C0012|333>2080|B25|M1ROSENDAHL0|TG|ZD82324|', '1fcb86a645fb5ab977fb544cb741d989', NULL, '2014-06-04 06:55:37', NULL, NULL, NULL, NULL, NULL),
(104, 'zfama4', 'f71df88a3b42244d6d0074984b8d4a5c', '', '', '2014-06-03 06:59:48', 'A', 3, NULL, '|TG|ZD82324|M1SUWANPRASOP/ARCHPOL|E697FLV|BKKCNXTG|0102|154C012E0126|37F>5320|B|', 'fb8a115a9efb03e9d5a5b0d81d4da891', NULL, '2014-06-04 06:59:48', NULL, NULL, NULL, NULL, NULL),
(105, 's145bf', '9cde4bc6cbf17208a4327d9b06ccdeda', '', '', '2014-06-03 07:09:20', 'A', 3, NULL, '0M1MIYAMOTO/TAKUMA|E6Y6ZCZ|BKKKBVTG|0241|154Y046D0069|37F>5320|B|9|0725|', 'd72f5d7deac8737429eab53fed86916b', NULL, '2014-06-04 07:09:20', '2014-06-03 07:15:45', NULL, NULL, NULL, NULL),
(106, 'snky6w', '31236763ac3c24ff0539a4bb265e18b9', '', '', '2014-06-03 07:13:38', 'A', 3, NULL, 'G|0730|M1KULMONGKON/BOONCHUOYEQDPJ4S|BKKURTTG|2253|154Y035H0054|13E>10B0OO4154BTG|252172303540010|0|TG|ZD41894|', 'af4ecc0967ef8b828fb25c5465bc7504', NULL, '2014-06-04 07:13:38', NULL, NULL, NULL, NULL, NULL),
(107, '2ebx1h', '2952577490dadd59a6a3825167c3440c', '', '', '2014-06-03 07:39:52', 'A', 3, NULL, 'M1KONDO/MIKIOMR|EQRYQ5I|BKKURTTG|2253|154Y034C0070|13E>10B0OO4154BTG|252172303707927|0|NH|4118205616|NH*|0800', '789f333e8ffa473a6872c813b4e46464', NULL, '2014-06-04 07:39:52', '2014-06-03 07:51:03', NULL, NULL, NULL, NULL),
(108, 'rs7ecz', '4c57d7c52e0629a0dd2ecd2ecf056b70', '', '', '2014-06-03 07:41:24', 'A', 3, NULL, 'M1MOORE/KATHRYN|LEE|E6B4W2R|BKKHKTTG|0203|154Y031B0235|37F>5320|B|2A|', 'a7e06752e5f4517b387472ec06a5ce5f', NULL, '2014-06-04 07:41:24', '2014-06-03 07:42:27', NULL, NULL, NULL, NULL),
(109, '2p5rwt', 'ca85033fed7f64d045d3dba262d40fc7', '', '', '2014-06-03 07:50:19', 'A', 3, NULL, 'M1KIKUCHI/JUNMR|EQMFYI3|BKKURTTG|2253|154Y048C0060|13E>10B0OO4154BTG|252172303659358|0|NH|3003844595|NH*G0800', 'f1f3b3711d207650f2ddd7b19371349f', NULL, '2014-06-04 07:50:19', '2014-06-03 07:51:06', NULL, NULL, NULL, NULL),
(110, '6sovkw', '1fcd1e2d671798fe617d0362b5e73c0f', '', '', '2014-06-03 08:28:06', 'A', 3, NULL, 'M1SAKATA/FUMIYASUMR|EQF76I4|BKKUTHTG|2006|154Y036H0012|13E>10B0OO4154BTG|252172302720816|0|SK|EBG012620233|SK*G1235', 'b6c5df313db0df45f16ddb2e0d0f34c7', NULL, '2014-06-04 08:28:06', '2014-06-03 08:46:44', NULL, NULL, NULL, NULL),
(111, '67pf06', 'dc516515ec16ed13f7e702bfb640ca31', '', '', '2014-06-03 08:46:41', 'A', 3, NULL, 'M1KESSLER/SELWYN|E39BTD5|BKKHKTTG|0207|154C014B0060|37F>5320|B|2A|', '891703263440c1bdd960bd413cf35772', NULL, '2014-06-04 08:46:41', '2014-06-03 08:47:41', NULL, NULL, NULL, NULL),
(112, 'kvepoi', '8bd8f68e4f6d1d96ceab9805ec5e495f', '', '', '2014-06-03 08:53:29', 'A', 3, NULL, 'M1PRATHANEE/BENJAMAS|EZHYUUR|BKKKKCTG|0044|154Y037K0009|37F>5320|B|2A|', 'bf0dcae6745f6f27e35ffe1c5ddfb216', NULL, '2014-06-04 08:53:29', '2014-06-03 08:59:52', NULL, NULL, NULL, NULL),
(113, '66r8vm', 'b1d453affe55b248188cee0defe06e94', '', '', '2014-06-03 09:09:42', 'A', 3, NULL, 'M1CHATANANTAVEJ/SURAPOE5VYLLO|BKKPVGTG|0664|154Y033D0120|37F>5320|B|2A|', '28017404572854219bc401ec9940d9b1', NULL, '2014-06-04 09:09:42', '2014-06-03 10:13:41', NULL, NULL, NULL, NULL),
(114, '4oo4lv', 'dc918a1c148ed3860e30cd54e97745dd', '', '', '2014-06-03 09:09:53', 'A', 3, NULL, 'M1KEOWSOM/SRAVUTH|E5VYNIV|BKKPVGTG|0664|154Y031H0064|37F>5320|B|2A|', '802ad64186c94559ec2cb164ab6735d1', NULL, '2014-06-04 09:09:53', NULL, NULL, NULL, NULL, NULL),
(115, 'q5uhjx', '6dbb9fa1b7e3ae5522d57c84c03c3cc1', '', '', '2014-06-03 09:11:32', 'A', 3, NULL, 'M1NARULA/RACHVINMR|EQRIDBQ|BKKHKTTG|2205|154C031A0071|13E>10B0OO4154BTG|252172303700668|0|TG|ZG83381|TG*S0945', '354f8f5b2ca88ff4e98ce5463576b56b', NULL, '2014-06-04 09:11:32', '2014-06-03 09:23:47', NULL, NULL, NULL, NULL),
(116, '5kvhy8', '72768179bb91a876f26e7ef7df28d632', '', '', '2014-06-03 09:12:55', 'A', 3, NULL, 'M1WORANG/WEENAMRS|EIL9WES|BKKKBVTG|2243|154C032C0026|13E>10B2OO4154BTG|252172302587968|0|SQ|8085270608|SQ*S1035', 'e03805ee53609c2c03449d3e7c54df25', NULL, '2014-06-04 09:12:55', '2014-06-03 09:34:23', NULL, NULL, NULL, NULL),
(117, 'fl5vb8', '71a14fe8be0ff7256218de93ec942c0a', '', '', '2014-06-03 09:13:01', 'A', 3, NULL, 'M1DARMAWAN/RUDIMR|EIL9WES|BKKKBVTG|2243|154C032A0025|13E>10B0OO4154BTG|252172302587969|0|SQ|8540011048|SQ*G1035', '163c112f36387c57f967c0f9c73d65ae', NULL, '2014-06-04 09:22:08', '2014-06-03 09:33:33', NULL, NULL, NULL, NULL),
(118, 'nsqvzb', '7bc08b7eb228ca200350c9f83938e276', '', '', '2014-06-03 09:15:46', 'A', 3, NULL, 'M1PIKULTONG/SURIN|GEN|E6WRKZG|BKKCNXTG|0106|154C014A0069|37F>5320|B|2A|', '8b37ce349b3533647b2b42931454712d', NULL, '2014-06-04 09:15:46', NULL, NULL, NULL, NULL, NULL),
(119, 'p17wrx', '828c7e16b4e088f11f37923cd2b9835d', '', '', '2014-06-03 09:23:51', 'A', 3, NULL, 'M1PATTARAWORAKOONWON/SE69QPCJ|BKKKKCTG|0044|154Y049D0079|37F>5320|B|2A|', 'eade9bc679bbd5d3bd8aaed45302f21e', NULL, '2014-06-04 09:23:51', NULL, NULL, NULL, NULL, NULL),
(120, '3at3fx', 'b4fdfd41062db6443577a441a83a81fe', '', '', '2014-06-03 09:36:34', 'A', 3, NULL, 'M1BELL/KEVINEMMETT|EQRGZVI|BKKKBVTG|2243|154Y041B0002|12B>10B0WO4154BTG|122172303713512|0|1035', '6165892ed173d3e438f8970a878118ef', NULL, '2014-06-04 09:36:34', '2014-06-03 09:47:29', NULL, NULL, NULL, NULL),
(121, 'jwsusd', '90768d069d00b62192c1fcc93c06a773', '', '', '2014-06-03 09:57:10', 'A', 3, NULL, 'M1SUPPANSCHITZ/JUERGENE4MTOUA|BKKHKTTG|0207|154C015J0098|37F>5320|B|2A|', 'e2871d60e7fe2f162d3f7dd4ed167ffc', NULL, '2014-06-04 09:57:10', '2014-06-03 10:16:52', NULL, NULL, NULL, NULL),
(122, 'qrkzqs', '2f5c64f6fdd2e38233292dc1170ac9a0', '', '', '2014-06-03 09:57:19', 'A', 3, NULL, 'M1WEHINGER/JULIABIRGITE4MTOUA|BKKHKTTG|0207|154C015K0099|37F>5320|B|2A|', 'f598756d1da7a000bceb7dde748e385e', NULL, '2014-06-04 09:57:19', '2014-06-03 10:13:48', NULL, NULL, NULL, NULL),
(123, 'akw4ba', 'cff6dffdb84e3af46fa5085a7675dfb8', '', '', '2014-06-03 10:04:17', 'A', 3, NULL, 'M1CHUNG/JAEHUN|ERIC|E7AU2ZS|BKKCNXTG|0106|154C014K0096|37F>5320|B|2A|', 'a5325d1bea7d7c71c38ce852aa3f8dd7', NULL, '2014-06-04 10:04:17', '2014-06-03 10:07:43', NULL, NULL, NULL, NULL),
(124, 'z2t4vj', '48f4b67961f104f027deb711d12f3fbf', '', '', '2014-06-03 10:06:38', 'A', 3, NULL, 'M1KOBAYASHI/HIROYUKIMREQMQE32|BKKKBVTG|2243|154Y037H0009|13E>10B0WW4153BTG|252172303187228|0|NH|3235287625|NH*G1035', '89ad8553a87fca01a9d2f82d1d263b05', NULL, '2014-06-04 10:06:38', '2014-06-03 10:09:16', NULL, NULL, NULL, NULL),
(125, 'lpwjb3', '0c6b3c04a4d4efaac0a65c566557ad0a', '', '', '2014-06-03 10:06:45', 'A', 3, NULL, 'M1SHISHIDO/TOSHIHIROMREQA6KPL|BKKHNDTG|0660|154Y057J0007|12B>10B0OO4154BTG|122172303513601|2|1220', 'a0594528ccd07ba618a1a1a6e1a34f10', NULL, '2014-06-04 10:06:45', '2014-06-03 12:09:45', NULL, NULL, NULL, NULL),
(126, '79n4js', '1fc8a300ac75d5f74cdb429ab482d5bd', '', '', '2014-06-03 10:07:05', 'A', 3, NULL, 'M1NOMURA/YUJIMR|EQ9C2ND|BKKHNDTG|0660|154Y057H0008|12B>10B0OO4154BTG|122174849580193|2|1220', 'e9db2a54244b9b61dc5800570c784786', NULL, '2014-06-04 10:07:05', '2014-06-03 10:18:06', NULL, NULL, NULL, NULL),
(127, '1ivhj9', '8d871c4f557afa896c565e0b6955f45c', '', '', '2014-06-03 10:08:42', 'A', 3, NULL, 'M1PASTOR/MANUEL|E6WO9ZH|BKKPVGTG|0664|154C014F0165|37F>5320|B|2A|', '2a1e1c8d96189f218a2e25a9358085ec', NULL, '2014-06-04 10:08:42', NULL, NULL, NULL, NULL, NULL),
(128, 'w7eujv', '90b44fe5cbe848c891b9ea0590f7437f', '', '', '2014-06-03 10:12:14', 'A', 3, NULL, 'M1GIBAUD/OLIVIER|E6YSZBG|BKKHKTTG|0207|154C011B0115|37F>5320|B|2A|', '5e0c8ea830e185b7a3325c759ffccc49', NULL, '2014-06-04 10:12:14', '2014-06-03 10:14:36', NULL, NULL, NULL, NULL),
(129, 'zifsrn', 'd625837b8ae64ba5060de7aa3f8d4d17', '', '', '2014-06-03 10:19:16', 'A', 3, NULL, 'M1VAN|HERZEELE/DOMINIQE664P7I|BKKHKTTG|0207|154Y033B0133|37F>5320|B|2A|', '578e7ce3cd9a21d6ebe5b916d39f64f0', NULL, '2014-06-04 10:19:16', NULL, NULL, NULL, NULL, NULL),
(130, '336w52', 'd8b07b4049b2ce5574fd9cbe185cc1e1', '', '', '2014-06-03 10:54:46', 'A', 3, NULL, 'M1SHRESTHA/DHAN|KUMARIE4F45S3|BKKLAXTG|0692|154Y034A0072|37F>5320|B|2A|', '989ec81bcb100be6ffba807e88381f4a', NULL, '2014-06-04 10:54:46', NULL, NULL, NULL, NULL, NULL),
(131, '6g4x4m', '22f57cc9bdccf22ef7cdda13dbb367ad', '', '', '2014-06-03 10:54:51', 'A', 3, NULL, 'M1FRANKEL/TIMOTHY|E3F9VWE|BKKLAXTG|0692|154Y034C0071|37F>5320|B|2A|', 'b2c202284ec52ff68f011fcb33085e7e', NULL, '2014-06-04 10:54:51', '2014-06-03 11:39:05', NULL, NULL, NULL, NULL),
(132, 'm6jc7m', 'd572b6ae3581379a18377f9d0d6d9b7b', '', '', '2014-06-03 11:00:06', 'A', 3, NULL, 'M1ALLEN/PATRICIA|E7Q7YCX|BKKSYDTG|0475|154C025B0031|37F>5320|B|2A|', '39cf7cced85ab368728cd8c0f5088b1d', NULL, '2014-06-04 11:00:06', NULL, NULL, NULL, NULL, NULL),
(133, 'pl3fg2', '7095850f5515a74cd7886145738f20e8', '', '', '2014-06-03 11:00:19', 'A', 3, NULL, 'M1ALLEN/MASONDAVID|E7Q7YCX|BKKSYDTG|0475|154C025A0030|37F>5320|B|2A|', '8f5d8855d7120f91d5083de3b3231924', NULL, '2014-06-04 11:00:19', NULL, NULL, NULL, NULL, NULL),
(134, '9pb8e7', '8062fe16c5b1bb02c68e15aa71fe0e27', '', '', '2014-06-03 12:13:59', 'A', 3, NULL, 'M1SCHLATTER/MICHAEL|HAE644AZY|BKKHKTTG|0215|154C014A0070|37F>5320|B|2A|', '6e8f2217542a1c15759aeaf964e36c94', NULL, '2014-06-04 12:13:59', NULL, NULL, NULL, NULL, NULL),
(135, '2ung5i', 'afa15ec258f3b3f2215e561eeba59ef6', '', '', '2014-06-03 12:23:50', 'A', 3, NULL, 'M1ARNOLD/MATTHEW|E62CJ9G|BKKRGNTG|0301|154Y031A0066|37F>5320|B|2A|', '660a1847dd207ad4ef592dfcea4ad967', NULL, '2014-06-04 12:23:50', '2014-06-03 12:25:30', NULL, NULL, NULL, NULL),
(136, '0kttjf', 'f9c5284d06d146a39f0023f6e61c9c86', '', '', '2014-06-03 12:28:11', 'A', 3, NULL, 'M1BILAL/HASAN|E6ZTKK7|BKKKHITG|0507|154Y034J0008|37F>5320|B|2A|', '2b10ddd9cb87344f12ef87db33075236', NULL, '2014-06-04 12:28:11', NULL, NULL, NULL, NULL, NULL),
(137, '3i6pcc', 'e73b4d28a1a72ba75598ac296257fae7', '', '', '2014-06-03 14:00:41', 'A', 3, NULL, 'M1SIAWOEI/SOMYING|E54TA87|BKKCEITG|0140|154C014K0031|37F>5320|B|2A|', '545fde04555dda614817bb6b6e5b7746', NULL, '2014-06-04 14:00:41', '2014-06-03 14:03:11', NULL, NULL, NULL, NULL),
(138, '537e8l', '084784430c05157a5c637040c1346b85', '', '', '2014-06-03 14:01:07', 'A', 3, NULL, 'M1TIDEY/REXD|E48YXDX|BKKAKLTG|0491|154C014J0030|37F>5320|B|2A|', '390602e09dcdfd64e76566747146ec34', NULL, '2014-06-04 14:02:44', NULL, NULL, NULL, NULL, NULL),
(139, 'fo4xj6', '5b73598895f8de3acc2ac47ca522aa13', '', '', '2014-06-03 15:02:02', 'A', 3, NULL, 'M1AASVANG/FRANKMR|EQ5Z349|BKKUTHTG|2010|154C033C0007|13E>10B0OO4154BTG|252172303440307|0|SK|EBS044727691|SK*S1740', 'eafc82f8654173aa800164212915e025', NULL, '2014-06-04 15:02:02', '2014-06-03 15:13:33', NULL, NULL, NULL, NULL),
(140, 'ue7lud', '057168d41d1ce1076dfc6bd48ba015c8', '', '', '2014-06-03 16:02:53', 'A', 3, NULL, 'M1KESSOMBOON/PATTAPONGE6ZJKHH|BKKKKCTG|0046|154Y045K0019|37F>5320|B|2A|', '05deb8ed250af86fb8d7d2896287742d', NULL, '2014-06-04 16:02:53', '2014-06-03 16:04:32', NULL, NULL, NULL, NULL),
(141, '4es03l', 'c7e787b47652091438d81a58888c5d85', '', '', '2014-06-03 23:02:35', 'A', 3, NULL, 'M1WOOLLEY/BENJAMIN|E6I33OX|BKKMELTG|0465|155C012B0092|37F>5320|B|2A|', 'ac1cce09b713d2cd9680165951189718', NULL, '2014-06-04 23:02:35', '2014-06-03 23:22:44', NULL, NULL, NULL, NULL),
(142, 'li2gyu', 'feef0322a34245d142dfd603913667dc', '', '', '2014-06-04 05:45:57', 'A', 3, NULL, 'M1KIKUCHI/KANNIKAMRS|EJHSJLE|BKKKBVTG|0241|155Y037B0086|13E>10B0OO4154BTG|252172303081482|0|UA|00730', '8882708039dd6aacf9809e92be8ffd8b', NULL, '2014-06-05 05:45:57', '2014-06-04 06:00:36', NULL, NULL, NULL, NULL),
(143, 'ed73jc', '4051380ebf42c7cd9019f710605e82f5', '', '', '2014-06-04 05:46:08', 'A', 3, NULL, 'M1KIKUCHI/TETSUYAMR|EJHSJLE|BKKKBVTG|0241|155Y037A0085|13E>10B0OO4154BTG|252172303081481|0|NH|40730', '3911726f141decbbd05517ce2ec9285b', NULL, '2014-06-05 05:46:08', NULL, NULL, NULL, NULL, NULL),
(144, 'aleu91', 'a17bcb1d03e9ca1099388ec850688e9d', '', '', '2014-06-04 06:16:24', 'A', 3, NULL, 'M1MIURA/YUSUKEMR|ES5N6SS|BKKKIXTG|0626|196C016B0202|13E>10B0OO3196BTG|252172440393732|2|NH|4337843496|NH*G0750', 'a118355cf1a8246f4549f9d0ad4e11ef', NULL, '2014-06-05 06:16:24', '2014-06-04 06:37:20', NULL, NULL, NULL, NULL),
(145, 'h9ziah', '23cc44d0ee3124d7bd9f2ccb7c5fe407', '', '', '2014-06-04 06:39:08', 'A', 3, NULL, 'M1YONDAN/MATANATAMS|EQLDDXI|BKKKKCTG|2044|153C033A0021|12B>10B2OO4153BTG|122172303636344|0|1325', 'acaa5521630274f2bbe86fd66bc0b2e3', NULL, '2014-06-05 10:48:54', '2014-06-04 11:02:39', NULL, NULL, NULL, NULL),
(146, 'bht1qt', 'a53db0e02ceb17c04875f38a27eeff13', '', '', '2014-06-04 13:41:34', 'A', 3, NULL, 'x', '4839ebde8603d0ec4b118cf1f61cca62', NULL, '2014-06-05 13:41:34', NULL, NULL, NULL, NULL, NULL),
(147, 'x7xpsl', '4c176e22e4feb01c8ba8935f6877ecd2', '', '', '2014-06-04 13:41:34', 'A', 3, NULL, 'xx', '119580ec05fff0d2a0caa1329df072b1', NULL, '2014-06-05 13:41:34', NULL, NULL, NULL, NULL, NULL),
(148, 'pp5omb', '57fb6c5755414f4420dcc83dbe721aa7', '', '', '2014-06-04 13:41:34', 'A', 3, NULL, 'xxx', 'bd738fbc03300778829ef8136df753c3', NULL, '2014-06-05 13:41:34', NULL, NULL, NULL, NULL, NULL),
(149, 'ijstq6', '8f2e6c16ec1171604f5cf0f235411d08', '', '', '2014-06-04 13:41:34', 'A', 3, NULL, 'xxxx', '1744ccac92ed690d88ad2e699e70be02', NULL, '2014-06-05 13:41:34', NULL, NULL, NULL, NULL, NULL),
(150, '88cas2', '119368b1c77830cc330a0425575287c6', '', '', '2014-06-04 13:41:34', 'A', 3, NULL, 'xxxxx', '8f8a5cec5426d9887947fa99851eca92', NULL, '2014-06-05 13:41:34', NULL, NULL, NULL, NULL, NULL),
(151, '3ffi1c', 'bd9b9c4db28f248398d0357d87700ef4', '', '', '2014-06-04 13:43:04', 'A', 3, NULL, 'sdfsdfsdfasdfsdfsdfsdfsdf', '0839f63a4111112437ddce725ce77bed', NULL, '2014-06-05 13:43:05', NULL, NULL, NULL, NULL, NULL),
(152, 'o8jou8', '14fa5a3dd98cb7186a14e6ab0a67250f', '', '', '2014-06-04 13:43:05', 'A', 3, NULL, 'sdfsdfsdfasdfsdfsdfsdfsdfsd', '1f9e7aaf817bc9505f31f7f4e9318af2', NULL, '2014-06-05 13:43:05', NULL, NULL, NULL, NULL, NULL),
(153, 'f3xs15', '8a8d8cf1006b7a0172a8b1abb47d82b1', '', '', '2014-06-04 13:43:06', 'A', 3, NULL, 'sdfsdfsdfasdfsdfsdfsdffsf', '1371bad1fd6109c42bddee9162ea0641', NULL, '2014-06-05 13:43:06', NULL, NULL, NULL, NULL, NULL),
(154, 'aedarn', 'aa081c1c985d3497131d54effd6be6e1', 'DUMMY', 'DUMMY', '2014-06-04 13:58:51', 'A', 3, NULL, 'DUMMYaa081c1c985d3497131d54effd6be6e1', 'd4130639cc5b0301e04e39f57ed43749', NULL, '2014-06-06 13:58:51', NULL, NULL, NULL, NULL, NULL),
(155, 'o0t6bi', '46d19aea5091f588ac4ebaffa0e57b4b', 'DUMMY', 'DUMMY', '2014-06-04 13:58:51', 'A', 3, NULL, 'DUMMY46d19aea5091f588ac4ebaffa0e57b4b', '070cd04d168b2ff932d63b23b97c6be4', NULL, '2014-06-06 13:58:51', NULL, NULL, NULL, NULL, NULL),
(156, '52fgij', '98d89396a2cfd1c01333e245139473c0', 'DUMMY', 'DUMMY', '2014-06-04 13:58:51', 'A', 3, NULL, 'DUMMY98d89396a2cfd1c01333e245139473c0', 'eed936249c30aebc76b0ebb8a930083f', NULL, '2014-06-06 13:58:51', NULL, NULL, NULL, NULL, NULL),
(157, 'y7q06v', '686a52ea3710d4b53852e601e1d644ca', 'DUMMY', 'DUMMY', '2014-06-04 13:58:51', 'A', 3, NULL, 'DUMMY686a52ea3710d4b53852e601e1d644ca', 'ebc92f4526283fc6f12b7c1f27ed1139', NULL, '2014-06-06 13:58:51', NULL, NULL, NULL, NULL, NULL),
(158, 'vns8j7', 'fc59ddf9038a794212cb29801bed211e', 'DUMMY', 'DUMMY', '2014-06-04 13:58:51', 'A', 3, NULL, 'DUMMYfc59ddf9038a794212cb29801bed211e', '0d0d03777a8e4423a07dccf3bc778b39', NULL, '2014-06-06 13:58:51', NULL, NULL, NULL, NULL, NULL),
(159, 'k91069', '3da43d22b9931def7e2108f1d2c64958', 'DUMMY', 'DUMMY', '2014-06-04 14:01:02', 'A', 3, NULL, 'DUMMY3da43d22b9931def7e2108f1d2c64958', '7b1236bce35e470fb94eaa85187e1eb7', NULL, '2014-06-06 14:01:02', NULL, NULL, NULL, NULL, NULL),
(160, 'k6ah12', '6ef28e977ada154c61b84b8b8ac81a46', 'DUMMY', 'DUMMY', '2014-06-04 14:01:02', 'A', 3, NULL, 'DUMMY6ef28e977ada154c61b84b8b8ac81a46', '37763d5f7637d93f1e6eeed3a0681f9b', NULL, '2014-06-06 14:01:02', NULL, NULL, NULL, NULL, NULL),
(161, 'i7xw6f', '5da4c53e77a685ae3c6bfa22b14f02c5', 'DUMMY', 'DUMMY', '2014-06-04 14:01:02', 'A', 3, NULL, 'DUMMY5da4c53e77a685ae3c6bfa22b14f02c5', '941dc2b45b30ae217fdeacef2215e7fe', NULL, '2014-06-06 14:01:02', NULL, NULL, NULL, NULL, NULL),
(162, 'wasemt', '279c24777f47eba38e7f388f812d7638', 'DUMMY', 'DUMMY', '2014-06-04 14:01:02', 'A', 3, NULL, 'DUMMY279c24777f47eba38e7f388f812d7638', 'f9cc55c18f7bc5b3436e8254bf18a0a0', NULL, '2014-06-06 14:01:02', NULL, NULL, NULL, NULL, NULL),
(163, 'sr4lw4', 'ded0ebc6cbf91ec970785b73979af64f', 'DUMMY', 'DUMMY', '2014-06-04 14:01:02', 'A', 3, NULL, 'DUMMYded0ebc6cbf91ec970785b73979af64f', 'b77ba4c9043f23a700a2be422e9f30b9', NULL, '2014-06-06 14:01:02', NULL, NULL, NULL, NULL, NULL),
(164, 'vgmyft', '09b60509bc34876fdacafd4f62ccd121', 'DUMMY', 'DUMMY', '2014-06-04 14:02:35', 'A', 3, NULL, 'DUMMY09b60509bc34876fdacafd4f62ccd121', '7b6be02f315769347a6ebd1da16b9c23', NULL, '2014-06-06 14:02:35', NULL, NULL, NULL, NULL, NULL),
(165, '6s2y0b', '1fb7c22727e277da6e6c9913669391ee', 'DUMMY', 'DUMMY', '2014-06-04 14:02:35', 'A', 3, NULL, 'DUMMY1fb7c22727e277da6e6c9913669391ee', 'bb327d99fdc2e3d7c8a4b2941e835201', NULL, '2014-06-06 14:02:35', NULL, NULL, NULL, NULL, NULL),
(166, '5ldy39', 'a78d2acb17df135eb1112a406e9a6564', 'DUMMY', 'DUMMY', '2014-06-04 14:02:35', 'A', 3, NULL, 'DUMMYa78d2acb17df135eb1112a406e9a6564', 'dfc38e1f1b512726f8d9863602c188e0', NULL, '2014-06-06 14:02:35', NULL, NULL, NULL, NULL, NULL),
(167, 's9vm7j', 'df70f5afa18b113ece1f1ca3be4e6957', 'DUMMY', 'DUMMY', '2014-06-04 14:02:35', 'A', 3, NULL, 'DUMMYdf70f5afa18b113ece1f1ca3be4e6957', 'ed7ee706376e0202c9bd700d1688e34d', NULL, '2014-06-06 14:02:35', NULL, NULL, NULL, NULL, NULL),
(168, 'mpa4ck', 'b0c0523d84450c3844700e4823e17635', 'DUMMY', 'DUMMY', '2014-06-04 14:02:35', 'A', 3, NULL, 'DUMMYb0c0523d84450c3844700e4823e17635', '72fb86191daea6c5193805280928838f', NULL, '2014-06-06 14:02:35', NULL, NULL, NULL, NULL, NULL),
(169, '5xnuyk', '3cdeec9246553bb8bbb217f7083e7ccc', 'DUMMY', 'DUMMY', '2014-06-04 14:03:14', 'A', 3, NULL, 'DUMMY3cdeec9246553bb8bbb217f7083e7ccc', 'af337a697e703a2281c750025b4fd7f1', NULL, '2014-06-06 14:03:14', NULL, NULL, NULL, NULL, NULL),
(170, 'u0e6lr', 'a8c2c1cb3e8fac30e8ed5794985f1f55', 'DUMMY', 'DUMMY', '2014-06-04 14:03:14', 'A', 3, NULL, 'DUMMYa8c2c1cb3e8fac30e8ed5794985f1f55', '627a9e570666343bfe34e91cab194599', NULL, '2014-06-06 14:03:14', NULL, NULL, NULL, NULL, NULL),
(171, '7dmur6', 'bdc9a4318d1e81a30788fcdf7a12bb23', 'DUMMY', 'DUMMY', '2014-06-04 14:03:14', 'A', 3, NULL, 'DUMMYbdc9a4318d1e81a30788fcdf7a12bb23', 'a1bfec3ad17fbd9b88c0d971b46ce35e', NULL, '2014-06-06 14:03:14', NULL, NULL, NULL, NULL, NULL),
(172, 'cekh1r', '49a1178b89239dfc876d371eaf664553', 'DUMMY', 'DUMMY', '2014-06-04 14:03:14', 'A', 3, NULL, 'DUMMY49a1178b89239dfc876d371eaf664553', 'cd0b4cf383bbe3c70001d635f007a6d2', NULL, '2014-06-06 14:03:14', NULL, NULL, NULL, NULL, NULL),
(173, 'q109ew', '7505759d71877312a7785066b9681415', 'DUMMY', 'DUMMY', '2014-06-04 14:10:13', 'A', 3, NULL, 'DUMMY7505759d71877312a7785066b9681415', 'bec67fdae86a5e71e4514c733872075f', NULL, '2014-06-06 14:10:13', NULL, NULL, NULL, NULL, NULL),
(174, 'fo8tfi', 'cebf0b69df987fe346754cf1205592ba', 'DUMMY', 'DUMMY', '2014-06-04 14:10:13', 'A', 3, NULL, 'DUMMYcebf0b69df987fe346754cf1205592ba', '87a5b47921ab2fedc59267ce0c74843a', NULL, '2014-06-06 14:10:13', NULL, NULL, NULL, NULL, NULL),
(175, 'y81c40', '628c144ce3ba7496660a5e241f506865', 'DUMMY', 'DUMMY', '2014-06-04 14:10:13', 'A', 3, NULL, 'DUMMY628c144ce3ba7496660a5e241f506865', '03b4ecacbd790355c594b6977c10129f', NULL, '2014-06-06 14:10:13', NULL, NULL, NULL, NULL, NULL),
(176, 'c2oh19', '85c61798a0766f4745eac16f4493a583', 'DUMMY', 'DUMMY', '2014-06-04 14:10:13', 'A', 3, NULL, 'DUMMY85c61798a0766f4745eac16f4493a583', 'eb319ab1b0b14344af87420f5ad0c9af', NULL, '2014-06-06 14:10:13', NULL, NULL, NULL, NULL, NULL),
(177, '44yd7q', '1b99baf4f75e9f6755e196f2912f317f', 'DUMMY', 'DUMMY', '2014-06-04 14:10:13', 'A', 3, NULL, 'DUMMY1b99baf4f75e9f6755e196f2912f317f', '457d8b27b9c728c460ca19b225974f22', NULL, '2014-06-06 14:10:13', NULL, NULL, NULL, NULL, NULL),
(178, 'ct5o49', 'ca56220ce92ded48c95b9b419c9533fe', 'DUMMY', 'DUMMY', '2014-06-04 14:11:44', 'A', 3, NULL, 'DUMMYca56220ce92ded48c95b9b419c9533fe', 'c7c0f8969d21de9b05f125b699b99ade', NULL, '2014-06-06 14:11:44', NULL, NULL, NULL, NULL, NULL),
(179, 'j11kub', 'e8afcaf040e5a1a94e0bec3dd49a6141', 'DUMMY', 'DUMMY', '2014-06-04 14:11:44', 'A', 3, NULL, 'DUMMYe8afcaf040e5a1a94e0bec3dd49a6141', '0d3eaae38c066b63cf997cbdea442ac8', NULL, '2014-06-06 14:11:44', NULL, NULL, NULL, NULL, NULL),
(180, 'p6wpwr', '7ca8925bd637fd80ec33a68045eee279', 'DUMMY', 'DUMMY', '2014-06-04 14:11:44', 'A', 3, NULL, 'DUMMY7ca8925bd637fd80ec33a68045eee279', '835e217f72b6be71d1e2cb27f327f743', NULL, '2014-06-06 14:11:44', NULL, NULL, NULL, NULL, NULL),
(181, 'd6i7c0', '0ae9272b0be619ba667095001e5d8706', 'DUMMY', 'DUMMY', '2014-06-04 14:11:44', 'A', 3, NULL, 'DUMMY0ae9272b0be619ba667095001e5d8706', '872817ef12cb5433f04757984df4e163', NULL, '2014-06-06 14:11:44', NULL, NULL, NULL, NULL, NULL),
(182, 'mf5rnz', '399c7a7f31d145a48f1b41d73e36866c', 'DUMMY', 'DUMMY', '2014-06-04 14:11:44', 'A', 3, NULL, 'DUMMY399c7a7f31d145a48f1b41d73e36866c', 'a0f6cf73b46fbc26bc81f159dc68181e', NULL, '2014-06-06 14:11:44', NULL, NULL, NULL, NULL, NULL),
(183, 'ompp1p', '532c0f5e0f720fdc44d88d4ebf8efa66', 'DUMMY', 'DUMMY', '2014-06-04 14:12:12', 'A', 3, NULL, 'DUMMY532c0f5e0f720fdc44d88d4ebf8efa66', '864d1f3087a4921cd7118c250d92d630', NULL, '2014-06-06 14:12:12', NULL, NULL, NULL, NULL, NULL),
(184, 'n7tdli', '44ad19f7391b8d6b96a59607310429c3', 'DUMMY', 'DUMMY', '2014-06-04 14:12:12', 'A', 3, NULL, 'DUMMY44ad19f7391b8d6b96a59607310429c3', '6a7ee8f1a657da18fa33b86563cf12dd', NULL, '2014-06-06 14:12:12', NULL, NULL, NULL, NULL, NULL);
INSERT INTO `tb_b_account` (`id`, `username`, `password`, `firstname`, `lastname`, `dateregis`, `status`, `user_group`, `hotspot_id`, `boardingpass_code`, `authen_url`, `flight_no`, `expire_date`, `last_access`, `cd`, `cb`, `mb`, `md`) VALUES
(185, '7f9pjy', 'e7d3c5a92e4d376ee28fcfc78bb8cc6e', 'DUMMY', 'DUMMY', '2014-06-04 14:12:12', 'A', 3, NULL, 'DUMMYe7d3c5a92e4d376ee28fcfc78bb8cc6e', 'd534f95650f808a2c1af1c3c4e5beef8', NULL, '2014-06-06 14:12:12', NULL, NULL, NULL, NULL, NULL),
(186, 'cqbfhx', '03022a216baaee246aa6790572264309', 'DUMMY', 'DUMMY', '2014-06-04 14:12:12', 'A', 3, NULL, 'DUMMY03022a216baaee246aa6790572264309', '94ba780e3ea1653690360c6d996cccf6', NULL, '2014-06-06 14:12:12', NULL, NULL, NULL, NULL, NULL),
(187, 'n0qneu', 'd50acb530e26915da1b3cb3c343411e0', 'DUMMY', 'DUMMY', '2014-06-04 14:12:12', 'A', 3, NULL, 'DUMMYd50acb530e26915da1b3cb3c343411e0', 'edaf890f0b22e8b72f1612f5e7b3f71e', NULL, '2014-06-06 14:12:12', NULL, NULL, NULL, NULL, NULL),
(188, 'tk4PK', '8497f1a82d4820dee93fd3f3a2bf4041', '', '', '2014-06-04 15:36:09', 'A', 3, NULL, 'DUMMY8497f1a82d4820dee93fd3f3a2bf4041', 'fa04a6536fe77afe7815aa5e28713341', NULL, '2014-06-05 15:36:09', NULL, NULL, NULL, NULL, NULL),
(189, '8z41fn', '2045cc18d92d57e9f022083603b08077', 'DUMMY', 'DUMMY', '2014-06-04 15:36:28', 'A', 3, NULL, 'DUMMY2045cc18d92d57e9f022083603b08077', '191e183752975c33227de717d2c9ae9a', NULL, '2014-06-06 15:36:28', NULL, NULL, NULL, NULL, NULL),
(190, 'rerv3x', '1bf83efe79f8f394afb65d67de5920d9', 'DUMMY', 'DUMMY', '2014-06-04 15:36:28', 'A', 3, NULL, 'DUMMY1bf83efe79f8f394afb65d67de5920d9', '8bfac12763347f3eb02316227f2740a0', NULL, '2014-06-06 15:36:28', NULL, NULL, NULL, NULL, NULL),
(191, 'bdfckt', '9d834c38c3106483a155298a51cad64b', '', '', '2014-06-04 23:25:54', 'A', 3, NULL, '234234234234324324234324234', '76b687fe22e1e3ff26971f9bf00ee252', NULL, '2014-06-05 23:25:54', NULL, NULL, NULL, NULL, NULL),
(192, '0g0d92', 'fa12a0650b74934a58a20b2305fcd1d9', '', '', '2014-06-04 23:25:54', 'A', 3, NULL, '2342342342343243242343324', 'edba308c25d5abed75209ececaae989e', NULL, '2014-06-05 23:25:54', NULL, NULL, NULL, NULL, NULL),
(193, '1ilcqe', 'da59b8454ec03e72e7e504a76ae0ee35', '', '', '2014-06-04 23:26:23', 'A', 3, NULL, 'yio[jklj;j;ljj;lkgottuytu', '4db6c3a370058465c8092e0712de6a90', NULL, '2014-06-05 23:26:23', NULL, NULL, NULL, NULL, NULL),
(194, 'uxc4wy', '3858a3b8b2ce77a156c0ad492c80cc28', '', '', '2014-06-04 23:27:09', 'A', 3, NULL, '890089098-098-098-0980809', '3cf6c35a31aab8d78c5391665ab31200', NULL, '2014-06-05 23:27:09', NULL, NULL, NULL, NULL, NULL),
(195, 'ye4g1h', 'a92dc48e42880b41c9a5d2752cb34279', '', '', '2014-06-04 23:27:54', 'A', 3, NULL, '78898-08-98-09808-0809898', 'ff949bed4949bd46ca0a1570ffe0cec6', NULL, '2014-06-05 23:27:54', NULL, NULL, NULL, NULL, NULL),
(196, 'mvznm8', 'eaf43998a16136a1e6683a7a0315b04d', '', '', '2014-06-04 23:29:48', 'A', 3, NULL, 'werwerwerwerweqrewrwerwer', 'ec3c36e32198a08f8719dfacb93a2465', NULL, '2014-06-05 23:29:48', NULL, NULL, NULL, NULL, NULL),
(197, 'gfkzz6', 'ac84ff92e565adc298cbdf5efeb60b3f', '', '', '2014-06-04 23:31:09', 'A', 3, NULL, '23423423423432ssfsfsdfsdf', 'ced025ffe210f6d9be5256ed37042bca', NULL, '2014-06-05 23:31:09', NULL, NULL, NULL, NULL, NULL),
(198, 'vb12il', '5ddc4eb786649b3802d45c3b9d12ff3c', '', '', '2014-06-04 23:32:02', 'A', 3, NULL, 'werwerwerwq|ssdfs|sdfsdfsdf', 'ab11ac7a781759464402723568a70294', NULL, '2014-06-05 23:32:02', NULL, NULL, NULL, NULL, NULL),
(199, 'o6s2kb', '1222ba8b5aa68cf8858b1fb15fda4e42', '', '', '2014-06-04 23:34:54', 'A', 3, NULL, '35345345345435345345345345', '50bdb2fb577db1f172dceff0f713978d', NULL, '2014-06-05 23:34:54', NULL, NULL, NULL, NULL, NULL),
(200, 'ie1fro', '2ca5c6b3671f1ce0100b8617b6a353b3', '', '', '2014-06-04 23:35:40', 'A', 3, NULL, '5345345345345345345345345', 'eaa4e7f939bec3e5e6fc75d3350cf0e3', NULL, '2014-06-05 23:35:40', NULL, NULL, NULL, NULL, NULL),
(201, '5ew5fa', '6f67acda8c2abe2cb6146780c6c9372e', '', '', '2014-06-04 23:35:57', 'A', 3, NULL, '2323423423423432432423423', 'abd6af0e6a81881a7ef43d2dadfcb5f2', NULL, '2014-06-05 23:35:57', NULL, NULL, NULL, NULL, NULL),
(202, 'gzkdd7', '25a9917c1ab3bf89b653b560b04893ed', '', '', '2014-06-04 23:35:57', 'A', 3, NULL, '2323423423423432432423432', '5446260ef407fcee998718f97ae09c9b', NULL, '2014-06-05 23:35:57', NULL, NULL, NULL, NULL, NULL),
(203, 'hd1qju', 'e2c835232f5462b8712445b4a61b0c97', '', '', '2014-06-04 23:36:27', 'A', 3, NULL, '34534534b33v|erterte|ertet', '9ae934810926cedc8c5c08a5ed72a0a8', NULL, '2014-06-05 23:36:27', NULL, NULL, NULL, NULL, NULL),
(204, 'phmrim', 'e17c3553418d742dcc8825e9650e9dc8', '', '', '2014-06-04 23:36:27', 'A', 3, NULL, '34534534b33v|erterte|eert', 'bb0326597d58abb366a8c3a8fb414a48', NULL, '2014-06-05 23:36:27', NULL, NULL, NULL, NULL, NULL),
(205, 'zjy7b7', '1a0c288814090c8c3b5e4044193859a9', '', '', '2014-06-04 23:39:45', 'A', 3, NULL, '3252552323|234234|424324324', 'c8d9b9b2f39a627d27736871a89d684b', NULL, '2014-06-05 23:39:45', NULL, NULL, NULL, NULL, NULL),
(206, 'ht5lrg', '03a728b52c03d4e381b3993c7e7794ef', '', '', '2014-06-04 23:43:10', 'A', 3, NULL, '23423423423234234234|234234', 'd989eb03824a664c76a36222b62ae630', NULL, '2014-06-05 23:43:10', NULL, NULL, NULL, NULL, NULL),
(207, '2tnfj9', '2b5ca6e45743d7809cd1ed4722d698c0', '', '', '2014-06-04 23:43:10', 'A', 3, NULL, '23423423423234234234|2324', '069acefb0ac3e0e4feda1c48aaf8ce2b', NULL, '2014-06-05 23:43:10', NULL, NULL, NULL, NULL, NULL),
(208, 'yktzb5', 'cdd7ad9816190e73057b5463a774312d', '', '', '2014-06-04 23:44:46', 'A', 3, NULL, '2342342523523542342342323', '703bdb079060b76a90d5753320e82eee', NULL, '2014-06-05 23:44:46', NULL, NULL, NULL, NULL, NULL),
(209, 'rsj0el', '94c92c494de35376401eaa2a7befef88', '', '', '2014-06-04 23:46:50', 'A', 3, NULL, '2342343243242343243243223', '77d8e6aa397e6d165f14dd637aaaf3e7', NULL, '2014-06-05 23:46:50', NULL, NULL, NULL, NULL, NULL),
(210, '2kmaib', '37bd0748b67906d1c8975a5b89634e04', '', '', '2014-06-04 23:51:11', 'A', 3, NULL, '2342343223423432423423434', '7edbbccca26fbc03e569ae3cf9d1f334', NULL, '2014-06-05 23:51:11', NULL, NULL, NULL, NULL, NULL),
(211, 'lqcfdr', '780dcd39dd1a94c6d0f07a6b124f3113', '', '', '2014-06-04 23:53:16', 'A', 3, NULL, '343253v53453|wertretwerwe', '011c55d0c669c1303dbe0e28cde68dc0', NULL, '2014-06-05 23:53:16', NULL, NULL, NULL, NULL, NULL),
(212, 'cjxkxj', 'b1a59a8a379846c006a2e43edfd73397', '', '', '2014-06-05 00:12:35', 'A', 3, NULL, '2342342342355vsdf|sf|fsdf', '3275bc89c68c51a17b9f1abacde7e807', NULL, '2014-06-06 00:12:35', NULL, NULL, NULL, NULL, NULL),
(213, '5dvnas', 'e8c2c49a5ab0ede78b1d5c2b234c58e8', '', '', '2014-06-05 00:16:46', 'A', 3, NULL, '534534345345345345435345345', '09b1eb315c1257c6ccf29fab19459efe', NULL, '2014-06-06 00:16:46', NULL, NULL, NULL, NULL, NULL),
(214, '870ue6', 'd76a7db8ab5100e49416b520c2d2b9d7', '', '', '2014-06-05 00:18:29', 'A', 3, NULL, 'srwerwerwer|wrwrwq|rwrwrwe', '1c9f0e902f99eeac4e1ed3e38a3176ab', NULL, '2014-06-06 00:18:29', NULL, NULL, NULL, NULL, NULL),
(215, 'lrj1tr', '4030c81168e9c68bd84fac3415aa1db7', '', '', '2014-06-05 00:24:29', 'A', 3, NULL, '3242342342|34234|423432432', '1042bfb37214e2da7e2174376809c665', NULL, '2014-06-06 00:24:29', NULL, NULL, NULL, NULL, NULL),
(216, '43fjya', '0c440e6b37feb551ab65794a0471ebb8', '', '', '2014-06-05 00:26:00', 'A', 3, NULL, 'wewerwerwe|wrw|wer|wrweewr', '3ce0bb17953a66ec02396a4a120a23ae', NULL, '2014-06-06 00:26:00', NULL, NULL, NULL, NULL, NULL),
(217, '8m86mv', '668fafa68023a133f4389208b8562e5a', '', '', '2014-06-05 00:28:19', 'A', 3, NULL, 'wrerwer|sdfsd|sdfsdfsdf|sf', '47ef91bc11e3640a4eed4d0b416a2395', NULL, '2014-06-06 00:28:19', NULL, NULL, NULL, NULL, NULL),
(218, 'tn47ap', '5ea4e6def3f4e9d352f9c44107c87b44', '', '', '2014-06-05 00:29:55', 'A', 3, NULL, 'werwer|wrwqrwe|wrwqrewrwer', 'f37bbe0488bca69eaae6979db6d70c9b', NULL, '2014-06-06 00:29:55', NULL, NULL, NULL, NULL, NULL),
(219, 'c05nst', '736db1565da03cd29c48c2b1f50e917f', '', '', '2014-06-05 00:34:04', 'A', 3, NULL, '234242344234324234234|32|', '7332cbb78eae46b536b934922175db25', NULL, '2014-06-06 00:34:04', NULL, NULL, NULL, NULL, NULL),
(220, '4d32ng', '306cb45f240f410738ad4084ea766152', '', '', '2014-06-05 00:34:45', 'A', 3, NULL, '23423|22|2|24|23|23423234', '0f1b10eccd99fc60ea593997d45b3c14', NULL, '2014-06-06 00:34:45', NULL, NULL, NULL, NULL, NULL),
(221, 'of7wdr', 'aa2a4b92912c1c131adc5cb5b98d7e2e', '', '', '2014-06-05 00:36:46', 'A', 3, NULL, '225234|2423|23423423432|23|4', '69d2ae717d47752ab0b38e948816ea30', NULL, '2014-06-06 00:36:46', NULL, NULL, NULL, NULL, NULL),
(222, 'bxi3r7', 'c58afe650e4968593fa74d8dbb713eed', '', '', '2014-06-05 00:37:23', 'A', 3, NULL, '23423|232342|2342323423423', '1152428455bdddde73347884315af75c', NULL, '2014-06-06 00:37:23', NULL, NULL, NULL, NULL, NULL),
(223, 'rrjwzu', '49f258783a7bf8ac18d6d442575f9600', '', '', '2014-06-05 00:41:54', 'A', 3, NULL, '345345|35345|3534534534|34', '4bf4c458aee8aa9084efb910bca1432f', NULL, '2014-06-06 00:41:54', NULL, NULL, NULL, NULL, NULL),
(224, 's8yivd', '6804f600ac3ec07a4e8da88a1601887b', '', '', '2014-06-05 00:45:01', 'A', 3, NULL, '24242|2|423|234|234|234|2', '6f8825249f469f91a3eec2ce0d1cde34', NULL, '2014-06-06 00:45:01', NULL, NULL, NULL, NULL, NULL),
(225, '77n64t', '2efc365afd9891a5adc192e253487f74', '', '', '2014-06-05 00:45:01', 'A', 3, NULL, '24242|2|423|234|234|2334234', '394cabe5ba2e61e554473ca902f4ac26', NULL, '2014-06-06 00:45:01', NULL, NULL, NULL, NULL, NULL),
(226, 'xlfajn', 'f42ad9dd1ee38e56899dc9d56d385ce0', '', '', '2014-06-05 00:46:37', 'A', 3, NULL, 'ww242|23423|4234|234234234', '38e33607d9814a88c296c37a78d41c39', NULL, '2014-06-06 00:46:37', NULL, NULL, NULL, NULL, NULL),
(227, 'zgp8wd', '15ce458bd136f179df2eb6f2280d0fca', '', '', '2014-06-05 00:47:01', 'A', 3, NULL, '234234234|234234234|234234', 'c23164448cf25a052b2750daa479e18c', NULL, '2014-06-06 00:47:01', NULL, NULL, NULL, NULL, NULL),
(228, 'xzt3rl', '1c1b145a8566b3f0d470be332d1fcdca', '', '', '2014-06-05 00:47:01', 'A', 3, NULL, '234234234|234234234|23324', '036bda77ab055a9a5afcba5387134ec1', NULL, '2014-06-06 00:47:01', NULL, NULL, NULL, NULL, NULL),
(229, '020u3u', '0ef6e49951bb2ef21c685b9b72f03abd', '', '', '2014-06-05 00:51:31', 'A', 3, NULL, '21342342342|23423423423423', '0b73b9ba4bbd077f32e43866c3e96d7c', NULL, '2014-06-06 00:51:31', NULL, NULL, NULL, NULL, NULL),
(230, 'pl3lxj', '54cde9d072ccb17a2f5b9d13465b2dc6', '', '', '2014-06-05 00:51:31', 'A', 3, NULL, '21342342342|2342342342423', '5b18e900b14cf0eecd04541fdb6f1edb', NULL, '2014-06-06 00:51:31', NULL, NULL, NULL, NULL, NULL),
(231, '31b1rj', 'e6d232fc35a09d1b01a376dd86373910', '', '', '2014-06-05 00:53:52', 'A', 3, NULL, '23425|2342|423|2342343223', 'f92dc653abff2d27fd491f7bd17253af', NULL, '2014-06-06 00:53:52', NULL, NULL, NULL, NULL, NULL),
(232, 't2r346', 'bfbcb7243dbd1087bda6238ca3c26568', '', '', '2014-06-05 07:59:24', 'A', 3, NULL, '2234|23423423|234|23432opi4', '8d7572b8739fa04280a7ed2209eb666f', NULL, '2014-06-06 07:59:24', NULL, NULL, NULL, NULL, NULL),
(233, 'dxak9t', '55e1dbae3ada8805c2a83858ffba05c4', '', '', '2014-06-05 07:59:24', 'A', 3, NULL, '2234|23423423|234|2343234', '598678c1adecb3fbd56aa676ae4ae727', NULL, '2014-06-06 07:59:24', NULL, NULL, NULL, NULL, NULL),
(234, 'q1s1no', '52771870d878dd5f10ce6aa4431eae0b', '', '', '2014-06-05 09:19:10', 'A', 3, NULL, '2323|24242|2342|2342342323', 'bfdb457875f9591a451db1740d8a8e64', NULL, '2014-06-06 09:19:10', NULL, NULL, NULL, NULL, NULL),
(235, 'xpptir', '3ec91b9089cf38f0664ffe705779c191', '', '', '2014-06-05 10:19:16', 'A', 3, NULL, '2423|234234|2|sdsfs|sdfsf', '0d32ca0de03914f2b43fa0de93eef097', NULL, '2014-06-06 10:19:16', NULL, NULL, NULL, NULL, NULL),
(236, 'arohn6', '21d9b6c8b77507b9173d8cf0924be62c', '', '', '2014-06-05 10:19:30', 'A', 3, NULL, '234234|2142|423|2423423423', '335a93484866c3ca158f39032372ab44', NULL, '2014-06-06 10:19:30', NULL, NULL, NULL, NULL, NULL),
(237, '3c3eem', '8c3c0b86cc4fcdb8e8b697c00e96c5f4', '', '', '2014-06-05 10:20:45', 'A', 3, NULL, 's2wer|qwrwrwr|qwrwerwerwr', 'facd80fb7026009608188bcc86ecbdc3', NULL, '2014-06-06 10:20:45', NULL, NULL, NULL, NULL, NULL),
(238, 'imu2ja', '2273aa2978896e4d37315a04f4a50d7e', '', '', '2014-06-05 10:24:29', 'A', 3, NULL, '234324234|234|2|323423|23', 'f06873717a9245f879cea5d49a4cc311', NULL, '2014-06-06 10:24:29', NULL, NULL, NULL, NULL, NULL),
(239, 'j67y4d', 'c4320aef7922b7d8aea30d7237552a24', '', '', '2014-06-05 10:24:29', 'A', 3, NULL, '234324234|234|2|323423423', '5814c6f973ff332ce2b7bab610b61c04', NULL, '2014-06-06 10:24:29', NULL, NULL, NULL, NULL, NULL),
(240, 'k0wx0q', 'c94cc3594afc2374f3fb48d936b41265', '', '', '2014-06-05 10:26:15', 'A', 3, NULL, '234|24|232232|23232234234', '5a45737d205ce7f5639f7f74931a7471', NULL, '2014-06-06 10:26:15', NULL, NULL, NULL, NULL, NULL);

-- --------------------------------------------------------

--
-- โครงสร้างตาราง `tb_b_account_hist`
--

CREATE TABLE IF NOT EXISTS `tb_b_account_hist` (
  `id` int(11) NOT NULL AUTO_INCREMENT,
  `username` varchar(50) NOT NULL DEFAULT '',
  `password` varchar(255) NOT NULL DEFAULT '',
  `firstname` varchar(200) DEFAULT NULL,
  `lastname` varchar(200) DEFAULT NULL,
  `dateregis` datetime NOT NULL DEFAULT '0000-00-00 00:00:00',
  `status` varchar(2) NOT NULL DEFAULT '0',
  `user_group` int(10) DEFAULT NULL,
  `hotspot_id` int(11) DEFAULT NULL,
  `boardingpass_code` varchar(300) DEFAULT NULL,
  `authen_url` varchar(2000) DEFAULT NULL,
  `flight_no` varchar(25) DEFAULT NULL,
  `expire_date` datetime DEFAULT NULL,
  `last_access` datetime DEFAULT NULL,
  `cd` datetime DEFAULT NULL,
  `cb` varchar(30) DEFAULT NULL,
  `mb` varchar(30) DEFAULT NULL,
  `md` datetime DEFAULT NULL,
  `backup_date` datetime NOT NULL,
  PRIMARY KEY (`id`)
) ENGINE=MyISAM  DEFAULT CHARSET=utf8 ROW_FORMAT=COMPACT AUTO_INCREMENT=67 ;

--
-- dump ตาราง `tb_b_account_hist`
--

INSERT INTO `tb_b_account_hist` (`id`, `username`, `password`, `firstname`, `lastname`, `dateregis`, `status`, `user_group`, `hotspot_id`, `boardingpass_code`, `authen_url`, `flight_no`, `expire_date`, `last_access`, `cd`, `cb`, `mb`, `md`, `backup_date`) VALUES
(1, 'OFfSHK', '181cbf4e0a71216470d0ea6b139128bd', '', '', '2014-05-20 21:32:44', 'A', 3, NULL, '252172301455382', 'c83b160952ed03d6d006e72e1b3cc894', NULL, '2014-05-23 16:43:24', '2014-05-22 16:46:35', NULL, NULL, NULL, '0000-00-00 00:00:00', '0000-00-00 00:00:00'),
(2, '4plzJk', 'e697ab8acefe032d40b43ada4e389e81', '', '', '2014-05-20 21:40:40', 'A', 3, NULL, '252174792502189', '54389c4b34cfa85917faf756c4d0dfab', NULL, '2014-05-23 16:37:32', '2014-05-20 21:57:17', NULL, NULL, NULL, '0000-00-00 00:00:00', '0000-00-00 00:00:00'),
(3, 'BLuKGK', '18c2529c958f14b535bdcf66fdb4c203', '', '', '2014-05-22 11:10:38', 'A', 3, NULL, '', '39cd0bff50a74463c1536bc3277b36f6', NULL, '2014-05-30 14:13:11', NULL, NULL, NULL, NULL, '0000-00-00 00:00:00', '0000-00-00 00:00:00'),
(4, 'p1M8K9', '01078b76700b352b1114f673469970e9', '', '', '2014-05-23 14:49:27', 'A', 3, NULL, 'xxxxxxxxxxxxxxxx', '984959fa6c55b121a7d0771f7d472873', NULL, '2014-05-24 14:52:20', NULL, NULL, NULL, NULL, '0000-00-00 00:00:00', '0000-00-00 00:00:00'),
(5, '9KI8oW', '357ee5816e6929f6cb5123fe7338fa34', '', '', '2014-05-23 20:52:38', 'A', 3, NULL, 'ๅ//ๅึ/-จๅภถถ-คๅ', '26c065cd5b701f887704ce14e04ac320', NULL, '2014-05-24 20:52:38', NULL, NULL, NULL, NULL, '0000-00-00 00:00:00', '0000-00-00 00:00:00'),
(6, 'gW2FKs', 'a53eeb2e36578c0291e0c4ad54bbdf2a', '', '', '2014-05-23 20:52:56', 'A', 3, NULL, '122172301455381', '518f71ebac0cdafc6512126f8e6b697c', NULL, '2014-05-24 20:52:56', NULL, NULL, NULL, NULL, '0000-00-00 00:00:00', '0000-00-00 00:00:00'),
(7, 'xuwuBf', '1114aba029ccbe9a67036095ec4586a9', '', '', '2014-05-23 22:09:50', 'A', 3, NULL, 'eiropqweiropqwei', '4fe1e3ed7a67255bd4980d378cc349f8', NULL, '2014-05-24 22:09:50', NULL, NULL, NULL, NULL, '0000-00-00 00:00:00', '0000-00-00 00:00:00'),
(8, 'KqdOnm', '6329c0ffb0b89e7b6d2ae1cccd91c13e', '', '', '2014-05-24 10:51:30', 'A', 3, NULL, '3333333333333333', '1d1582a5815c1b27f7f536726d64f30b', NULL, '2014-05-26 21:45:41', '2014-05-25 21:50:18', NULL, NULL, NULL, '0000-00-00 00:00:00', '0000-00-00 00:00:00'),
(9, '0Y49QZ', '213566b4f07e4e7eb71f41af8f3c9028', '', '', '2014-05-24 10:52:14', 'A', 3, NULL, '0000000000000000', '8ef46800a9033b56ed0b88a5dfa5e790', NULL, '2014-05-26 23:07:28', '2014-05-25 22:00:29', NULL, NULL, NULL, '0000-00-00 00:00:00', '0000-00-00 00:00:00'),
(10, 'SQ5Dui', '9686afe4c8d522557550586744e2cf3c', '', '', '2014-05-25 23:07:03', 'A', 3, NULL, '2222222222222222', 'fa507f4ee57eecad1117566147a1b387', NULL, '2014-05-30 23:07:03', '2014-05-28 20:26:06', NULL, NULL, NULL, '0000-00-00 00:00:00', '0000-00-00 00:00:00'),
(11, 'keF15Y', '50070caa1c4072191afc814f67444dfd', '', '', '2014-05-28 10:35:00', 'A', 3, NULL, 'puchong0000000000000000000000000000000000000000000000000000000000000000000000000000000000000000000000000000000000000000000000000000000000000000000000000000000000000000000000', '7d5076b73bb937454e8e7b3b591fa13f', NULL, '2014-05-29 10:35:00', '2014-05-28 10:36:43', NULL, NULL, NULL, '0000-00-00 00:00:00', '0000-00-00 00:00:00'),
(12, 'szxYd1', 'a590b4892804504ed6329b1da8795cc0', '', '', '2014-05-28 12:58:19', 'A', 3, NULL, 'M1GREAVES/MARYANNEMRS|EJWZ5MB|BKKBNETG|0473|286Y060F0236|12B>10B2OO3286BTG|122172441137113|2|2319', 'e899f75c90a4dbc9b7a558546e29ca48', NULL, '2014-06-03 08:09:03', '2014-06-01 18:20:20', NULL, NULL, NULL, '0000-00-00 00:00:00', '0000-00-00 00:00:00'),
(13, 'ea2dTG', '944a56aabdeff7431e57418a677b7994', '', '', '2014-05-28 12:59:02', 'A', 3, NULL, 'M1GREAVES/MARYANNEMRSM1GREAVES/MARYANNEMRS|EJWZ5MB|BKKBNETG|0473|286Y060F0236|12B>10B2OO3286BTG|122172441137113|2|', 'f0ffc98c9d2aec5244270d921cc9b689', NULL, '2014-06-02 10:28:57', NULL, NULL, NULL, NULL, '0000-00-00 00:00:00', '0000-00-00 00:00:00'),
(14, 'r253Ck', '91a78a9f84bfa48743b6ee262392245b', '', '', '2014-05-28 12:59:04', 'A', 3, NULL, 'M1GREAVES/MARYANNEMRSM|2319M1GREAVES/MARYANNEMRS|EJWZ5MB|BKKBNETG|0473|286Y060F0236|12B>10B2OO3286BTG|1221', '9623adcd0160d713b064943d66214c58', NULL, '2014-05-29 22:01:19', NULL, NULL, NULL, NULL, '0000-00-00 00:00:00', '0000-00-00 00:00:00'),
(15, 'mQADGj', 'bdcdd85fc54dd7847ee080275a7c264e', '', '', '2014-05-28 12:59:08', 'A', 3, NULL, 'M1GREAVES/MARYANNEMRSM72441137113|2|2319M1GREAVES/MARYANNEMRS|EJWZ5MB|BKKBNETG|0473|286Y060F0236|', '9996f60437d7a03ec0bc29c219d8c8d4', NULL, '2014-05-29 22:02:40', NULL, NULL, NULL, NULL, '0000-00-00 00:00:00', '0000-00-00 00:00:00'),
(16, '6mhH4B', '9014c878b7d8d6cfce9f68b1d47522b7', '', '', '2014-05-28 12:59:10', 'A', 3, NULL, 'M1GREAVES/MARYANNEMRSM12B>10B2OO3286BTG|122172441137113|2|2319M1GREAVES/MARYANNEMRS|EJWZ5MB|BKKBN', 'd3bb1a75fd79b9a5c69e83ddce9d9366', NULL, '2014-05-29 22:02:42', NULL, NULL, NULL, NULL, '0000-00-00 00:00:00', '0000-00-00 00:00:00'),
(17, 'XLCH2a', 'dff5c58f8e0b0a5a2c364a27541a2781', '', '', '2014-05-28 12:59:15', 'A', 3, NULL, 'M1GREAVES/MARYANNEMRSMETG|0473|286Y060F0236|12B>10B2OO3286BTG|122172441137113|2|2319M1GREAVES/MAR', '9b330022b79db021b94696c59df83b86', NULL, '2014-05-29 22:02:44', '2014-05-28 13:11:47', NULL, NULL, NULL, '0000-00-00 00:00:00', '0000-00-00 00:00:00'),
(18, 'HR4PXD', '9e4322be7502419f48ac7718dae84caa', '', '', '2014-05-28 12:59:16', 'A', 3, NULL, 'M1GREAVES/MARYANNEMRSMYANNEMRS|EJWZ5MB|BKKBNETG|0473|286Y060F0236|12B>10B2OO3286BTG|122172441137113|2|', '294484f8c25c924e7f509c9a0d15c1e9', NULL, '2014-05-29 22:02:45', '2014-05-28 13:55:18', NULL, NULL, NULL, '0000-00-00 00:00:00', '0000-00-00 00:00:00'),
(19, 'q3fkwG', '028fa8d0e8be5a41d07ad6cfcc45c50d', '', '', '2014-05-28 16:58:45', 'A', 3, NULL, 'M1GREAVES/MARYANNEMRSy00000000000000000000000000000000000000000000000000000000000000222222222222222222222222222222222222222222222222222222222222', 'ef3fac6d68804c8b80ccba870a1e6236', NULL, '2014-05-29 16:58:45', NULL, NULL, NULL, NULL, NULL, '0000-00-00 00:00:00'),
(20, '9i1IX6', 'ac3faee3f6dae322e3bec2ccd7342a1e', '', '', '2014-05-28 17:00:45', 'A', 3, NULL, 'M1GREAVES/MARYANNEMRSM|2319M1GREAVES/MARYANNEMRS|EJWZ5MB|BKKBNETG|0473|286Y060F0236|12B>10B2OO3286BTG|122172441137113|', 'b3e07286e379ef00707fb2ea3be3fc36', NULL, '2014-05-29 17:00:45', NULL, NULL, NULL, NULL, NULL, '0000-00-00 00:00:00'),
(21, 'sXFzJU', 'eb0d20b207bec024f276e1c6a259b2bd', '', '', '2014-05-28 17:00:55', 'A', 3, NULL, 'M1GREAVES/MARYANNEMRSM2|2319M1GREAVES/MARYANNEMRS|EJWZ5MB|BKKBNETG|0473|286Y060F0236|12B>10B2OO32', '1d433625e215c462060e0f5048b139f5', NULL, '2014-05-29 17:00:55', NULL, NULL, NULL, NULL, NULL, '0000-00-00 00:00:00'),
(22, 'nROcxD', '31688d403a9d0ab6b40175d79d654f4b', '', '', '2014-05-28 17:03:07', 'A', 3, NULL, 'F0236|12B>10B2OO3286BTG|122172441137113|2|2319M1GREAVES/MARYANNEMRS|EJWZ5MB|BKKBNETG|0473|286Y060', 'e9bced98f684b8e03b3355d2baf67478', NULL, '2014-05-29 17:03:07', NULL, NULL, NULL, NULL, NULL, '0000-00-00 00:00:00'),
(23, '3jseAg', 'a4db8b06cb84f44c6d6fb284136ccbc9', '', '', '2014-05-28 17:06:05', 'A', 3, NULL, '990-01699-20990-01699-20990-01699-20990-01699-20990-01699-20990-01699-20990-01699-20990-01699-20990-01699-20990-01699-2099', '973f777d6bf605f05c72d12ff8fd0ac7', NULL, '2014-05-29 17:06:05', NULL, NULL, NULL, NULL, NULL, '0000-00-00 00:00:00'),
(24, '15p81Q', 'aa9f1afca4238b8275a9249b5fc2ca49', '', '', '2014-05-28 17:06:11', 'A', 3, NULL, '990-01699-20990-01699-0-01699-20I00M0048E990-01699-20I00M0048EI00M0048E990-01699-20990-01699-20AT-MC103XL-20AT-MC103XL-209', '504efad61ff1c2ad39e880e10809a58b', NULL, '2014-05-29 17:06:11', NULL, NULL, NULL, NULL, NULL, '0000-00-00 00:00:00'),
(25, '5520Bq', '905576025808176c2d50439924127d16', '', '', '2014-05-28 17:06:16', 'A', 3, NULL, '990-01699-20990-01699-90-01699-20AT-MC103XL-20990-01699-20990-01699-20990-01699-20AT-MC103XL-20AT-MC103XL-20AT-MC103XL-20A', 'dcbf6ed83c6c65592ee2bc23ef9d07c4', NULL, '2014-05-29 17:06:16', NULL, NULL, NULL, NULL, NULL, '0000-00-00 00:00:00'),
(26, 'YFi7UV', '4f0165732e63a96505ccc42b317e229d', '', '', '2014-05-28 19:26:26', 'A', 3, NULL, '1400G2D-2USB13077B1F4A1400G2D-2USB13077B1F4A13077B1F4A13077B1F4A13077B1F4A13077B1F4A13077B1F4A1400G2D-2USB1400G2D-2USB1400', '3355879a1142324172a38984d55d4f77', NULL, '2014-05-29 19:26:26', NULL, NULL, NULL, NULL, NULL, '0000-00-00 00:00:00'),
(27, '5skob8', 'd965f0d39ae5aac62dd7e3c6fc40ebc8', '', '', '2014-05-28 21:55:07', 'A', 3, NULL, 'O3286BTG|122172441137113|2|2319M1GREAVES/MARYANNEMRS|EJWZ5MB|BKKBNETG|0473|286Y060F0236|12B>10B2O', 'a921f3a74320d893e23814319a399d0c', NULL, '2014-05-29 21:55:07', NULL, NULL, NULL, NULL, NULL, '0000-00-00 00:00:00'),
(28, 'oru0h2', '1fbd4d15272b6ff38a1daccce6463bbc', '', '', '2014-05-28 21:55:08', 'A', 3, NULL, 'O3286BTG|1221724411371O3286BTG|122172441137113|2|2319M1GREAVES/MARYANNEMRS|EJWZ5MB|BKKBNETG|0473|', '431d92dd93c03cd4244643435adaa097', NULL, '2014-05-29 21:55:08', NULL, NULL, NULL, NULL, NULL, '0000-00-00 00:00:00'),
(29, 'v19b2s', '0d43742f45bb9453481ee0ff5cbbf3e4', '', '', '2014-05-28 21:56:11', 'A', 3, NULL, 'M1GREAVES/MARYANNEMRSM|M1GREAVES/MARYANNEMRS|EJWZ5MB|BKKBNETG|0473|286Y060F0236|12B>10B2OO3286BTG|12217244', 'a03b38892f0a7b78dcb2eaae8610c4c1', NULL, '2014-05-29 21:56:11', NULL, NULL, NULL, NULL, NULL, '0000-00-00 00:00:00'),
(30, 'cipkma', '21c60f0395675077fe226c6ea2d1e82b', '', '', '2014-05-28 22:07:17', 'A', 3, NULL, '|2319M1GREAVES/MARYANNEMRS|EJWZ5MB|BKKBNETG|0473|286Y060F0236|12B>10B2OO3286BTG|122172441137113|2|', '969b3c6119c9c694dc2da038296f5d56', NULL, '2014-06-02 22:09:17', '2014-06-01 09:44:06', NULL, NULL, NULL, NULL, '0000-00-00 00:00:00'),
(31, 'xiwtiq', '9b7d4609feb9a1ea172394cb30d42aeb', '', '', '2014-05-28 22:08:17', 'A', 3, NULL, '|0473|286Y060F0236|12B>10B2OO3286BTG|122172441137113|2|2319M1GREAVES/MARYANNEMRS|EJWZ5MB|BKKBNETG', '6538882d76adc38934599670d07e58d1', NULL, '2014-05-29 22:08:17', NULL, NULL, NULL, NULL, NULL, '0000-00-00 00:00:00'),
(32, 'mu4co3', '4127aed5454d8cbab70082fb273adffe', '', '', '2014-05-28 22:08:22', 'A', 3, NULL, '22172441137113|2|2319M1GREAVES/MARYANNEMRS|EJWZ5MB|BKKBNETG|0473|286Y060F0236|12B>10B2OO3286BTG|1', 'ce20124004ec567242040ad18ac5326b', NULL, '2014-05-29 22:08:22', NULL, NULL, NULL, NULL, NULL, '0000-00-00 00:00:00'),
(33, 'j7sva7', 'fbd368474717a953dcdc56a4f8c22b0b', '', '', '2014-05-28 22:08:23', 'A', 3, NULL, '22172441137113|222172441137113|2|2319M1GREAVES/MARYANNEMRS|EJWZ5MB|BKKBNETG|0473|286Y060F0236|12B', 'c5ed1c332f968300c58ac94dd5b804d0', NULL, '2014-05-29 22:08:23', NULL, NULL, NULL, NULL, NULL, '0000-00-00 00:00:00'),
(34, 'rb4o5m', 'cc0302b7649786e417ab97f34e03352a', '', '', '2014-05-28 22:08:27', 'A', 3, NULL, '2319M1GREAVES/MARYANNEMRS|EJWZ5MB|BKKBNETG|0473|286Y060F0236|12B>10B2OO3286BTG|122172441137113|2|', '3366b2b2dd044c5891d2a6d6adf30975', NULL, '2014-05-29 22:08:27', NULL, NULL, NULL, NULL, NULL, '0000-00-00 00:00:00'),
(35, 'jj58fq', '5234399c5be20a921d6038e41cb27576', '', '', '2014-05-28 22:08:29', 'A', 3, NULL, 'BKKBNETG|0473|286Y060F0236|12B>10B2OO3286BTG|122172441137113|2|2319M1GREAVES/MARYANNEMRS|EJWZ5MB|', '01b54f745408c8efcc16a4ac88afdb7d', NULL, '2014-05-29 22:08:29', NULL, NULL, NULL, NULL, NULL, '0000-00-00 00:00:00'),
(36, 'eaxiy2', 'ac5f3b83728fb5da7cd6f0b2a74b687a', '', '', '2014-05-28 22:08:33', 'A', 3, NULL, '473|286Y060F0236|12B>10B2OO3286BTG|122172441137113|2|2319M1GREAVES/MARYANNEMRS|EJWZ5MB|BKKBNETG|0', '90d21df6e85c8f0434fc921a3749cbb3', NULL, '2014-05-29 22:08:33', NULL, NULL, NULL, NULL, NULL, '0000-00-00 00:00:00'),
(37, 'fuoz1a', '728507a26ea540ea1243b70e7b4b9cc6', '', '', '2014-05-28 22:08:35', 'A', 3, NULL, '473|286Y060F0236|12B>1473|286Y060F0236|12B>10B2OO3286BTG|122172441137113|2|2319M1GREAVES/MARYANNE', '5a1bc9bb0ae1a45d02912a74883f66c6', NULL, '2014-05-29 22:08:35', NULL, NULL, NULL, NULL, NULL, '0000-00-00 00:00:00'),
(38, 'mot611', 'c9520bcccc58f5b6da8e00ddfa837091', '', '', '2014-05-28 22:08:39', 'A', 3, NULL, '2319M1GREAV|2319M1GREAVES/MARYANNEMRS|EJWZ5MB|BKKBNETG|0473|286Y060F0236|12B>10B2OO3286BTG|122172441137113|2|', 'aebf0685cdc2a7d850f7c3a89298629f', NULL, '2014-05-29 22:08:39', NULL, NULL, NULL, NULL, NULL, '0000-00-00 00:00:00'),
(39, 'g9viba', '1af04cd472b53e087b250c5281af315f', '', '', '2014-05-28 22:09:13', 'A', 3, NULL, 'G|0473|286Y060F0236|12B>10B2OO3286BTG|122172441137113|2|2319M1GREAVES/MARYANNEMRS|EJWZ5MB|BKKBNET', '8547ec44069e8ea6eeb3496de21168a0', NULL, '2014-05-29 22:09:13', NULL, NULL, NULL, NULL, NULL, '0000-00-00 00:00:00'),
(40, '91z6kz', '27bf809bc70ee98fa122ffa0c5ad6f2a', '', '', '2014-05-28 22:09:53', 'A', 3, NULL, 'BTG|122172441137113|2|2319M1GREAVES/MARYANNEMRS|EJWZ5MB|BKKBNETG|0473|286Y060F0236|12B>10B2OO3286', '2d977ec7ff9d78410a3aaca445ffe7c3', NULL, '2014-05-29 22:09:53', NULL, NULL, NULL, NULL, NULL, '0000-00-00 00:00:00'),
(43, 'nwktm7', '9d481bed5a9c9525de341ae36960f26b', '', '', '2014-05-29 21:55:22', 'A', 3, NULL, 'sdflsldf|sdflksadflsdf|sdfsadf|sadf|aslkf|saf|salkfjlskdjfsa|dflsd|fs|dfl|asfl|sad|fsladfjslkdjfksafjasldf|sd|flsjflksdjfl', 'ca42e67ede2a8b526315cd037e117f36', NULL, '2014-05-30 21:55:22', NULL, NULL, NULL, NULL, NULL, '0000-00-00 00:00:00'),
(44, 'm5xwgf', 'c6cb9dd4106d78139b91de27a530a861', '', '', '2014-05-30 23:45:09', 'A', 3, NULL, 'M1EGAN/JOHNPATRICK|EQJQ3KR|BKKUBPTG|2030|150Y041H0062|13E>10B0OO4150BTG|252172303558050|2|UA|NN240253|UA*G1640', '8b4f2825caf95b4f09fa2df377db47aa', NULL, '2014-06-01 00:48:15', NULL, NULL, NULL, NULL, NULL, '0000-00-00 00:00:00'),
(45, '71clrc', '99234578d90eb92a46280afce123941b', '', '', '2014-05-30 23:59:05', 'A', 3, NULL, 'M1SIRIKET/SURIYAMR|EQNL5SG|BKKKKCTG|2044|150Y044K0043|13E>10B0OO4150BTG|252172303681253|0|TG|NM84579|TG*S1325', '7f2705f8698f6ce5bac7484d7ab29614', NULL, '2014-06-01 00:12:55', NULL, NULL, NULL, NULL, NULL, '0000-00-00 00:00:00'),
(46, 'zi5paq', 'ca8973e774ee915f24acfc59123d2d27', '', '', '2014-05-31 00:05:11', 'A', 3, NULL, 'M1SOMBATSIRI/SOOTTICHAEQAMB9S|BKKUTHTG|2004|149C032A0087|13E>10B0OO4149BTG|252172303506429|0|TG|KT58567|TG*|1000', 'a7597222e9d181e795b5cf0ba204dc2f', NULL, '2014-06-01 00:08:25', NULL, NULL, NULL, NULL, NULL, '0000-00-00 00:00:00'),
(47, '7hj1jn', '37381128ea639f2147801f547211c267', '', '', '2014-05-31 06:59:26', 'A', 3, NULL, 'M1KATANYUTA/SUKANYA|E62PF5D|BKKCNXTG|0102|151Y031A0104|37F>5320|B|2A|', 'ff213030013e0a8c35348d2780f81d02', NULL, '2014-06-01 07:01:36', NULL, NULL, NULL, NULL, NULL, '0000-00-00 00:00:00'),
(48, 'uyd161', '52db6b4e83c9bf2bea60ebfc7883dfae', '', '', '2014-05-31 11:10:43', 'A', 3, NULL, 'M1CHOEYPUNT/CHATCHAIMREQKHBVC|BKKUTHTG|2004|151Y037A0052|12B>10B1OO4151BTG|122172303606040|0|IDZL1000', '1c7fb6644bb2aa82d382652bb76e74a6', NULL, '2014-06-01 14:58:37', NULL, NULL, NULL, NULL, NULL, '0000-00-00 00:00:00'),
(49, 'uf1yks', 'bef57c9c468393758371f72610cff671', '', '', '2014-05-31 13:07:30', 'A', 3, NULL, 'M1KHODABAKS/ALWINMR|EQALAYT|BKKCEITG|2134|151C032C0058|12B>10B0OO4151BTG|122174834782485|0|1320', '865b77d5e4977f40f79cd91ebd405393', NULL, '2014-06-01 13:11:04', NULL, NULL, NULL, NULL, NULL, '0000-00-00 00:00:00'),
(50, '6hslk4', '87dab8f588b8d0e02b9b0449f7c868c8', '', '', '2014-06-01 05:11:17', 'A', 3, NULL, 'M1SUGIMOTO/AKIRAMR|EQ997ZP|BKKUTHTG|2002|152Y037A0004|13E>10B0OO4152BTG|252175214837196|0|NH|3107278544|NH*G0740', '7ce17a45795a89258d673bd7514dc8bd', NULL, '2014-06-02 05:11:17', NULL, NULL, NULL, NULL, NULL, '0000-00-00 00:00:00'),
(51, 's07va2', '175629cbea2038ed02c85e7132fc4be2', '', '', '2014-06-01 13:14:57', 'A', 3, NULL, 'M1JACKSON/JOHNMR|EQKVKD2|BKKKKCTG|2044|152C033A0042|12B>10B0OO4152BTG|122172303640383|0|1325', '11424fd887f36d5983c5911226df63d0', NULL, '2014-06-02 13:46:42', '2014-06-01 13:37:25', NULL, NULL, NULL, NULL, '0000-00-00 00:00:00'),
(52, 'yp1b6n', '62babe210f6f2c81278e3dfb21a0e658', '', '', '2014-06-01 13:41:36', 'A', 3, NULL, 'M1BELVER/PHILIPPE|E62CQOX|BKKHKTTG|0213|152C015E0083|37F>5320|B|2A|', '8ba1a471bbcf9f5825bbbec88924a608', NULL, '2014-06-02 13:41:36', NULL, NULL, NULL, NULL, NULL, '0000-00-00 00:00:00'),
(53, 'ztsolw', 'ff8aaaf03376a830d9e826f2fa4ea6e7', '', '', '2014-06-01 13:51:27', 'A', 3, NULL, 'M1NOERPEL/CLEMENSMR|EQKSJ3H|BKKKKCTG|2052|152C032A0034|12B>10B0OO4152BTG|122172303611812|0|1450', '53b85d34805507370a0afbd3dd8f62e1', NULL, '2014-06-02 14:31:03', '2014-06-01 14:39:14', NULL, NULL, NULL, NULL, '0000-00-00 00:00:00'),
(54, '0lvzzw', '7941d9dba286cee6656bb5ea02a1516a', '', '', '2014-06-01 13:59:11', 'A', 3, NULL, 'M1HUG/KODCHAWANMR|EJRP9ZT|BKKCNXTG|2114|152C032K0018|13E>10B2WO4152BTG|252174652084345|2|TG|YA08184|TG*|1500', '001d87cf19fc995e3fe8dfa737596fcb', NULL, '2014-06-02 14:25:56', '2014-06-01 14:24:42', NULL, NULL, NULL, NULL, '0000-00-00 00:00:00'),
(55, 'xi0ig7', '2a6f7f67e2de81be3dad9d5d895a6cc1', '', '', '2014-06-01 14:00:10', 'A', 3, NULL, 'M1HUG/STEPHANEMR|EJRP9ZT|BKKCNXTG|2114|152C032H0017|13E>10B0WO4152BTG|252174652084344|2|LH|992221633543451|LH*|1500', '90c4a061404cd5391012e076a44d8e54', NULL, '2014-06-02 14:00:10', NULL, NULL, NULL, NULL, NULL, '0000-00-00 00:00:00'),
(56, '9oq3w2', '5580808c3885403fa3a9f3ab001c69b2', '', '', '2014-06-01 14:33:01', 'A', 3, NULL, 'M1TEPBUNTERNG/SATAYAMREQN6DRV|BKKKKCTG|2052|152C032C0095|13E>10B0OO4152BTG|252172303686516|0|TG|ZS62579|TG*G1450', '7c014a8dba2706f62676d7538c850cf1', NULL, '2014-06-02 14:33:01', '2014-06-01 14:34:00', NULL, NULL, NULL, NULL, '0000-00-00 00:00:00'),
(57, '98ddat', 'df4d326b4e1bef1bd60b30693fb60b7c', '', '', '2014-06-01 14:58:40', 'A', 3, NULL, 'M1SAOWAKONTHA/SASTRIDREQ2SGJV|BKKKKCTG|2052|152C031H0039|12B>10B0OO4152BTG|122172303222138|0|1450', '42ee8d4309deb6d6d9b0c43dcf2ca7aa', NULL, '2014-06-02 14:58:40', '2014-06-01 15:00:08', NULL, NULL, NULL, NULL, '0000-00-00 00:00:00'),
(58, 'vzgry9', '79e6a398973d1deaa63e5f9c15b5f749', '', '', '2014-06-01 15:44:00', 'A', 3, NULL, 'M1DUPUY/JEANFRANCOI|EQHLR59|BKKHDYTG|2261|152C032K0077|12B>10B0OO4152BTG|120572349583926|0|1450', '3032eb2f534464d16a1246142a3c58e3', NULL, '2014-06-02 15:44:00', NULL, NULL, NULL, NULL, NULL, '0000-00-00 00:00:00'),
(59, 'tfynr5', 'b8bf0cd3a8e64bfaece13861343e8fc4', '', '', '2014-06-01 15:56:31', 'A', 3, NULL, 'M1SINGKHASELIT/NUTTACHEI7HQ2G|BKKUBPTG|2030|152C033C0074|13E>10B2OO4152BTG|252172301912144|0|TG|GV14546|TG*|1640', 'd5169de9127cdb9830c0580653eebe25', NULL, '2014-06-02 15:56:31', '2014-06-01 15:57:04', NULL, NULL, NULL, NULL, '0000-00-00 00:00:00'),
(60, 'huakkj', '034ead906ae8e07b04f1373e6ed12667', '', '', '2014-06-01 16:37:20', 'A', 3, NULL, 'M1SILARUKS/SONGKWAN|E59WKTL|BKKKKCTG|0046|152Y068D0113|37F>5320|B|2A|', '180d48a0794f77c1462f2990cad0dad4', NULL, '2014-06-02 16:37:20', '2014-06-01 16:52:50', NULL, NULL, NULL, NULL, '0000-00-00 00:00:00'),
(61, 'ra0v8c', '81d6f0a8eff4bd1a6fa384bafe8541d2', '', '', '2014-06-01 17:09:47', 'A', 3, NULL, 'M1SAKOLCHAI/SUMON|E46BSHM|BKKKKCTG|0046|152Y033B0044|37F>5320|B|2A|', '7c4e26d5d47e6390837b42e4f953b22e', NULL, '2014-06-02 17:09:47', NULL, NULL, NULL, NULL, NULL, '0000-00-00 00:00:00'),
(62, '3qyobj', 'ee1609c9d1e78182175d44e75a230fba', '', '', '2014-06-01 17:35:49', 'A', 3, NULL, 'M1CHUCHOT/PORNTIPMRS|EI7HYFT|BKKHDYTG|2263|152C031K0042|13E>10B2OO4152BTG|252172301912150|0|TG|GR74979|TG*|1800', 'f5fa1595f504438da021affa66e5d87a', NULL, '2014-06-02 17:35:49', '2014-06-01 17:39:12', NULL, NULL, NULL, NULL, '0000-00-00 00:00:00'),
(63, 'a9wr6b', '999c1f85bde67b6bbe365f322ea180f6', '', '', '2014-06-01 19:07:46', 'A', 3, NULL, 'M1CHOTIWUTPHATHON/THAREI7HYFT|BKKHDYTG|2263|152C031H0041|13E>10B0OO4152BTG|252172301912149|0|TG|GR74980|TG*|1800', 'd4289f73b66944a4beaf490418464034', NULL, '2014-06-02 19:34:53', '2014-06-01 22:43:50', NULL, NULL, NULL, NULL, '0000-00-00 00:00:00'),
(64, '8awp9a', 'e16c83c2adfe41df0e1404034d775717', '', '', '2014-06-02 05:54:33', 'A', 3, NULL, 'M1IRANI/ZUBIN|JAMSHED|E2WJ2VF|BKKUSMTG|0281|153Y048H0078|37F>5320|B|2A|', '46c77adbfacb6e97797767f0046f49f8', NULL, '2014-06-03 05:54:33', '2014-06-02 05:58:38', NULL, NULL, NULL, NULL, '0000-00-00 00:00:00'),
(65, 'voni9i', 'd3f0722d62d1f2f74ca2893cb234e9e3', '', '', '2014-06-02 07:10:00', 'A', 3, NULL, 'M1VASWANI/ROHAN|E6XXKDE|BKKHKTTG|0203|153C014F0128|37F>5320|B|2A|', '959105c5b4a31e981318db72d1eefe5b', NULL, '2014-06-03 07:10:00', NULL, NULL, NULL, NULL, NULL, '0000-00-00 00:00:00'),
(66, '10mxok', 'c1a0932f1d13149029b8ef4075440fcf', '', '', '2014-06-02 09:26:09', 'A', 3, NULL, 'M1MAHGOUB/HASSAN|E5O6TMX|BKKCNXTG|0106|153C014B0039|37F>5320|B|2A|', 'ef556b567c3d72e4d55883f0908d0217', NULL, '2014-06-03 09:26:09', '2014-06-02 09:34:07', NULL, NULL, NULL, NULL, '0000-00-00 00:00:00');

-- --------------------------------------------------------

--
-- โครงสร้างตาราง `tb_b_attribute_det`
--

CREATE TABLE IF NOT EXISTS `tb_b_attribute_det` (
  `id` int(11) NOT NULL AUTO_INCREMENT,
  `hdr_id` int(11) NOT NULL,
  `attr_value` varchar(100) NOT NULL,
  `status` varchar(2) DEFAULT 'Y',
  PRIMARY KEY (`id`),
  KEY `hdr_fk` (`hdr_id`)
) ENGINE=MyISAM  DEFAULT CHARSET=utf8 ROW_FORMAT=COMPACT AUTO_INCREMENT=8 ;

--
-- dump ตาราง `tb_b_attribute_det`
--

INSERT INTO `tb_b_attribute_det` (`id`, `hdr_id`, `attr_value`, `status`) VALUES
(1, 1, '1800', 'Y'),
(2, 1, '3600', 'Y'),
(3, 1, '7200', 'Y'),
(4, 2, '3600', 'Y'),
(5, 2, '7200', 'Y'),
(6, 2, '10800', 'Y'),
(7, 6, '1', 'Y');

-- --------------------------------------------------------

--
-- โครงสร้างตาราง `tb_b_attribute_hdr`
--

CREATE TABLE IF NOT EXISTS `tb_b_attribute_hdr` (
  `id` int(11) NOT NULL AUTO_INCREMENT,
  `attr_name` varchar(100) NOT NULL,
  `status` varchar(2) DEFAULT 'Y',
  PRIMARY KEY (`id`)
) ENGINE=MyISAM  DEFAULT CHARSET=utf8 ROW_FORMAT=COMPACT AUTO_INCREMENT=7 ;

--
-- dump ตาราง `tb_b_attribute_hdr`
--

INSERT INTO `tb_b_attribute_hdr` (`id`, `attr_name`, `status`) VALUES
(1, 'Idle-Timeout', 'Y'),
(2, 'Session-Timeout', 'Y'),
(3, 'Mikrotik-Rate-Limit', 'N'),
(4, 'WISPr-Redirection-URL', 'N'),
(5, 'Port-Limit', 'N'),
(6, 'Simultaneous-Use', 'Y');

-- --------------------------------------------------------

--
-- โครงสร้างตาราง `tb_b_content_cat`
--

CREATE TABLE IF NOT EXISTS `tb_b_content_cat` (
  `id` int(11) NOT NULL AUTO_INCREMENT,
  `cat_name_th` varchar(255) DEFAULT NULL,
  `cat_name_en` varchar(255) DEFAULT NULL,
  `cat_table_name` varchar(255) DEFAULT NULL,
  `hotspot_id` int(11) DEFAULT NULL,
  `status` varchar(2) DEFAULT NULL,
  `cd` datetime DEFAULT NULL,
  `cb` varchar(25) DEFAULT NULL,
  `md` datetime DEFAULT NULL,
  `mb` varchar(25) DEFAULT NULL,
  PRIMARY KEY (`id`)
) ENGINE=MyISAM DEFAULT CHARSET=utf8 ROW_FORMAT=COMPACT AUTO_INCREMENT=1 ;

-- --------------------------------------------------------

--
-- โครงสร้างตาราง `tb_b_env_var`
--

CREATE TABLE IF NOT EXISTS `tb_b_env_var` (
  `id` int(11) NOT NULL AUTO_INCREMENT,
  `boardingpasscode_length` int(5) NOT NULL,
  `username_length` int(3) NOT NULL,
  `password_length` int(3) NOT NULL,
  PRIMARY KEY (`id`)
) ENGINE=MyISAM  DEFAULT CHARSET=utf8 AUTO_INCREMENT=2 ;

--
-- dump ตาราง `tb_b_env_var`
--

INSERT INTO `tb_b_env_var` (`id`, `boardingpasscode_length`, `username_length`, `password_length`) VALUES
(1, 25, 5, 5);

-- --------------------------------------------------------

--
-- โครงสร้างตาราง `tb_b_gallery`
--

CREATE TABLE IF NOT EXISTS `tb_b_gallery` (
  `id` int(11) NOT NULL AUTO_INCREMENT,
  `title_th` varchar(500) NOT NULL,
  `title_en` varchar(500) NOT NULL,
  `image` varchar(100) NOT NULL,
  `date` varchar(25) NOT NULL,
  `short_msg_th` varchar(500) NOT NULL,
  `short_msg_en` varchar(500) NOT NULL,
  `cd` datetime NOT NULL,
  `cb` varchar(25) NOT NULL,
  `code` varchar(50) NOT NULL,
  `md` datetime NOT NULL,
  `mb` varchar(25) NOT NULL,
  `hotspot_id` int(11) NOT NULL,
  `status` varchar(1) NOT NULL DEFAULT 'Y',
  PRIMARY KEY (`id`)
) ENGINE=MyISAM  DEFAULT CHARSET=utf8 ROW_FORMAT=COMPACT AUTO_INCREMENT=3 ;

--
-- dump ตาราง `tb_b_gallery`
--

INSERT INTO `tb_b_gallery` (`id`, `title_th`, `title_en`, `image`, `date`, `short_msg_th`, `short_msg_en`, `cd`, `cb`, `code`, `md`, `mb`, `hotspot_id`, `status`) VALUES
(1, 'ภาพกิจกรรม 1', '', '5295930.jpg', '20/02/2014', 'ภาพกิจกรรม 1', '', '2014-02-20 12:00:44', 'udhotspotsite', '556054824916645', '0000-00-00 00:00:00', '', 6, 'Y'),
(2, 'งานประชุม', '', '2374981.jpg', '20/02/2014', 'งานประชุม', '', '2014-02-20 13:11:55', 'adminoffee', '840257997391745', '0000-00-00 00:00:00', '', 5, 'Y');

-- --------------------------------------------------------

--
-- โครงสร้างตาราง `tb_b_gallery_items`
--

CREATE TABLE IF NOT EXISTS `tb_b_gallery_items` (
  `code` varchar(50) NOT NULL,
  `file` varchar(100) NOT NULL
) ENGINE=MyISAM DEFAULT CHARSET=utf8 ROW_FORMAT=COMPACT;

--
-- dump ตาราง `tb_b_gallery_items`
--

INSERT INTO `tb_b_gallery_items` (`code`, `file`) VALUES
('556054824916645', '0608223.jpg'),
('556054824916645', '1749411.jpg'),
('556054824916645', '1749412.jpg'),
('556054824916645', '1786544.jpg'),
('556054824916645', '1ARsiO.jpg'),
('556054824916645', '5QDIls.jpg');

-- --------------------------------------------------------

--
-- โครงสร้างตาราง `tb_b_history_log`
--

CREATE TABLE IF NOT EXISTS `tb_b_history_log` (
  `log_id` int(20) NOT NULL AUTO_INCREMENT,
  `table_name` varchar(50) NOT NULL,
  `primary_key` varchar(50) NOT NULL,
  `action_type` varchar(255) NOT NULL COMMENT 'Insert,update,delete',
  `action_detail` text NOT NULL,
  `created_date` datetime NOT NULL,
  `created_by` varchar(20) NOT NULL,
  `result` varchar(5) DEFAULT NULL,
  PRIMARY KEY (`log_id`),
  KEY `table_name_primary_key` (`table_name`,`primary_key`)
) ENGINE=MyISAM  DEFAULT CHARSET=utf8 AUTO_INCREMENT=236648 ;

-- --------------------------------------------------------

--
-- โครงสร้างตาราง `tb_b_hotspot`
--

CREATE TABLE IF NOT EXISTS `tb_b_hotspot` (
  `id` int(11) NOT NULL AUTO_INCREMENT,
  `hotspot_dns` varchar(2000) DEFAULT NULL,
  `hotspot_name` varchar(255) DEFAULT NULL,
  `hotspot_macaddress` varchar(255) DEFAULT NULL,
  `hotspot_ipaddress` varchar(255) DEFAULT NULL,
  `hotspot_lat` varchar(255) DEFAULT NULL,
  `hotspot_lng` varchar(255) DEFAULT NULL,
  `hotspot_image` varchar(255) DEFAULT NULL,
  `cb` varchar(25) DEFAULT NULL,
  `cd` datetime DEFAULT NULL,
  `mb` varchar(25) DEFAULT NULL,
  `md` datetime DEFAULT NULL,
  `hotspot_status` varchar(2) DEFAULT 'Y',
  `tambon_id` int(11) DEFAULT NULL,
  `amphur_id` int(11) DEFAULT NULL,
  `province_id` int(11) DEFAULT NULL,
  `popup` varchar(10) DEFAULT NULL,
  `dst` varchar(2000) DEFAULT NULL,
  `mac` varchar(50) DEFAULT NULL,
  `ip` varchar(30) DEFAULT NULL,
  `hostname` varchar(300) DEFAULT NULL,
  `link_login` varchar(300) DEFAULT NULL,
  `link_orig` varchar(2000) DEFAULT NULL,
  `error` varchar(500) DEFAULT NULL,
  `chap_id` varchar(1000) DEFAULT NULL,
  `chap_challenge` varchar(1000) DEFAULT NULL,
  `link_login_only` varchar(300) DEFAULT NULL,
  `link_orig_esc` varchar(300) DEFAULT NULL,
  `mac_esc` varchar(300) DEFAULT NULL,
  `login_by` varchar(100) DEFAULT NULL,
  `domain` varchar(300) DEFAULT NULL,
  `error_orig` varchar(500) DEFAULT NULL,
  `identity` varchar(50) DEFAULT NULL,
  `server_address` varchar(300) DEFAULT NULL,
  `tv_id` int(11) DEFAULT NULL,
  PRIMARY KEY (`id`)
) ENGINE=MyISAM  DEFAULT CHARSET=utf8 ROW_FORMAT=COMPACT AUTO_INCREMENT=22 ;

--
-- dump ตาราง `tb_b_hotspot`
--

INSERT INTO `tb_b_hotspot` (`id`, `hotspot_dns`, `hotspot_name`, `hotspot_macaddress`, `hotspot_ipaddress`, `hotspot_lat`, `hotspot_lng`, `hotspot_image`, `cb`, `cd`, `mb`, `md`, `hotspot_status`, `tambon_id`, `amphur_id`, `province_id`, `popup`, `dst`, `mac`, `ip`, `hostname`, `link_login`, `link_orig`, `error`, `chap_id`, `chap_challenge`, `link_login_only`, `link_orig_esc`, `mac_esc`, `login_by`, `domain`, `error_orig`, `identity`, `server_address`, `tv_id`) VALUES
(20, NULL, 'ช่อง 3', 'TV_SITE001', NULL, NULL, NULL, '', NULL, NULL, NULL, NULL, 'Y', NULL, NULL, NULL, NULL, NULL, NULL, NULL, NULL, NULL, NULL, NULL, NULL, NULL, NULL, NULL, NULL, NULL, NULL, NULL, NULL, NULL, 1),
(21, NULL, 'TVONLINE2', 'TVONLINE2', NULL, NULL, NULL, '', NULL, NULL, NULL, NULL, 'Y', NULL, NULL, NULL, NULL, NULL, NULL, NULL, NULL, NULL, NULL, NULL, NULL, NULL, NULL, NULL, NULL, NULL, NULL, NULL, NULL, NULL, 1);

-- --------------------------------------------------------

--
-- โครงสร้างตาราง `tb_b_lang`
--

CREATE TABLE IF NOT EXISTS `tb_b_lang` (
  `id` int(11) NOT NULL AUTO_INCREMENT,
  `language` varchar(2) NOT NULL COMMENT 'ตัวย่อของภาษา เช่น th , en , ch , jp',
  `description` varchar(100) DEFAULT NULL,
  `status` varchar(1) NOT NULL DEFAULT 'Y',
  `cd` datetime NOT NULL,
  `cb` varchar(20) NOT NULL,
  PRIMARY KEY (`id`)
) ENGINE=MyISAM  DEFAULT CHARSET=utf8 AUTO_INCREMENT=4 ;

--
-- dump ตาราง `tb_b_lang`
--

INSERT INTO `tb_b_lang` (`id`, `language`, `description`, `status`, `cd`, `cb`) VALUES
(1, 'th', 'Thai', 'Y', '2014-05-29 00:00:00', 'admin'),
(2, 'en', 'English', 'Y', '2014-05-29 00:00:00', 'admin'),
(3, 'ch', 'Chinese', 'Y', '2014-05-29 00:00:00', '');

-- --------------------------------------------------------

--
-- โครงสร้างตาราง `tb_b_lang_att`
--

CREATE TABLE IF NOT EXISTS `tb_b_lang_att` (
  `id` int(11) NOT NULL AUTO_INCREMENT,
  `att_name` varchar(500) NOT NULL,
  `status` char(1) NOT NULL DEFAULT 'Y',
  `cd` datetime NOT NULL,
  `cb` varchar(30) NOT NULL,
  `md` datetime DEFAULT NULL,
  `mb` varchar(30) DEFAULT NULL,
  `att_desc` varchar(200) DEFAULT NULL,
  PRIMARY KEY (`id`)
) ENGINE=MyISAM  DEFAULT CHARSET=utf8 AUTO_INCREMENT=25 ;

--
-- dump ตาราง `tb_b_lang_att`
--

INSERT INTO `tb_b_lang_att` (`id`, `att_name`, `status`, `cd`, `cb`, `md`, `mb`, `att_desc`) VALUES
(4, 'HOWTOREGISTER', 'Y', '0000-00-00 00:00:00', '', '2014-05-30 09:46:56', 'admin', 'How to register?'),
(7, 'BOARDINGPASSNUMBER', 'Y', '0000-00-00 00:00:00', '', '2014-05-30 15:12:10', '', 'Boarding pass number'),
(8, 'NEWSANNOUNCEMENT', 'Y', '0000-00-00 00:00:00', '', '2014-05-30 10:32:41', 'admin', 'NEWS & ANNOUNCEMENT'),
(10, 'TITLE', 'Y', '0000-00-00 00:00:00', '', '2014-05-30 13:13:40', 'adminlang', 'Title'),
(11, 'INTERNETLOGIN', 'Y', '0000-00-00 00:00:00', '', '2014-05-30 14:10:51', 'admin', 'Internet Login'),
(13, 'LOGINFAILED', 'Y', '0000-00-00 00:00:00', '', '2014-05-30 13:29:16', 'adminlang', 'Login Failed'),
(14, 'USERNAME', 'Y', '0000-00-00 00:00:00', '', '2014-05-30 13:26:18', 'adminlang', 'Username'),
(15, 'PASSWORD', 'Y', '0000-00-00 00:00:00', '', '2014-05-30 13:25:50', 'adminlang', 'Password'),
(16, 'MAXIMUMSUPPORT2DEVICES', 'Y', '0000-00-00 00:00:00', '', '2014-05-30 13:15:43', 'adminlang', 'Maximum support 2 devices'),
(17, 'WELCOME', 'Y', '0000-00-00 00:00:00', '', '2014-05-30 13:29:32', 'adminlang', 'Welcome'),
(18, 'CLICKCONFIRM', 'Y', '0000-00-00 00:00:00', '', '2014-05-30 10:48:35', 'admin', 'Click Confirm'),
(19, 'YES', 'Y', '0000-00-00 00:00:00', '', '2014-05-30 13:24:25', 'adminlang', 'Yes'),
(20, 'NO', 'Y', '0000-00-00 00:00:00', '', '2014-06-01 09:23:18', '', 'No'),
(21, 'LOGIN', 'Y', '0000-00-00 00:00:00', '', NULL, NULL, 'Login'),
(22, 'VALIDATEUSERNAME', 'Y', '0000-00-00 00:00:00', '', NULL, NULL, 'Validate Username'),
(23, 'VALIDATEPASSWORD', 'Y', '0000-00-00 00:00:00', '', NULL, NULL, 'Validate Password'),
(24, 'NOTTGBOARDINGPASS', 'Y', '0000-00-00 00:00:00', '', '2014-06-03 22:07:56', 'admin', 'Not TG Boarding Pass');

-- --------------------------------------------------------

--
-- โครงสร้างตาราง `tb_b_lang_value`
--

CREATE TABLE IF NOT EXISTS `tb_b_lang_value` (
  `id` int(11) NOT NULL AUTO_INCREMENT,
  `lang_id` int(11) NOT NULL,
  `att_id` int(11) NOT NULL,
  `value` text NOT NULL,
  PRIMARY KEY (`id`)
) ENGINE=MyISAM  DEFAULT CHARSET=utf8 AUTO_INCREMENT=73 ;

--
-- dump ตาราง `tb_b_lang_value`
--

INSERT INTO `tb_b_lang_value` (`id`, `lang_id`, `att_id`, `value`) VALUES
(10, 1, 4, '<div id="scan">\r\n<h2>ลงทะเบียนอย่างไร?</h2>\r\n<ol>\r\n<li>Place the boarding pass barcode under the scanner until a red light appears on the barcode.</li>\r\n<li>Check the boarding pass number is correct and then press "Confirm" once you are satisfied or press "Cancel" to revise.</li>\r\n<li>Select "Print" if you would like to print your ticket, otherwise please wait to receive your ticket.</li>\r\n</ol>\r\n<h2>สแกน Boarding pass.</h2>\r\n</div>'),
(11, 2, 4, '<div id="scan">\r\n<h2>How to register?</h2>\r\n<ol>\r\n<li>Place the boarding pass barcode under the scanner until a red light appears on the barcode.</li>\r\n<li>Check the boarding pass number is correct and then press "Confirm" once you are satisfied or press "Cancel" to revise.</li>\r\n<li>Select "Print" if you would like to print your ticket, otherwise please wait to receive your ticket.</li>\r\n</ol>\r\n<h2>Scan your boarding pass barcode.</h2>\r\n</div>'),
(12, 3, 4, '<div id="scan">\r\n<h2>如何注册?</h2>\r\n<p style="padding-left: 30px;">请把登机牌的条形码放在扫描器下面直到红灯出现在条形码上。检查好登机牌号码是正确 然后按一下&ldquo;确认&rdquo;如果你满意 或者需要修改的话就按一下&ldquo;取消&rdquo;如果你想打印你的登机牌请选择&ldquo;打印&rdquo;然后等待你的票</p>\r\n<h2>扫描你登机牌的条形码</h2>\r\n</div>'),
(19, 1, 7, 'Boarding pass number'),
(20, 2, 7, 'Boarding pass number'),
(21, 3, 7, 'Boarding pass number'),
(25, 1, 8, '<div id="newsh3">ข่าวสารและประกาศ</div>'),
(26, 2, 8, '<div id="newsh3">NEWS &amp; ANNOUNCEMENT</div>'),
(27, 3, 8, '<div id="newsh3">NEWS &amp; ANNOUNCEMENT</div>'),
(28, 1, 10, 'ระบบ Self Service Registration For Internet Ticket'),
(29, 2, 10, 'Self Service Registration For Internet Ticket System'),
(30, 3, 10, '自助服務註冊為互聯網訂票系統。'),
(31, 1, 11, '<div class="textloging">Internet Login</div>'),
(32, 2, 11, '<h2>Internet Login</h2>'),
(33, 3, 11, '<div class="textloging">互聯網登錄</div>'),
(34, 1, 11, 'Internet Login'),
(35, 2, 11, 'Internet Login'),
(36, 3, 11, 'Internet Login'),
(37, 1, 13, '<div class="textloging">\r\n<h3>Login failed ! Please try again.</h3>\r\n</div>'),
(38, 2, 13, '<div class="textloging">\r\n<h3>Login failed ! Please try again.</h3>\r\n</div>'),
(39, 3, 13, '<div class="textloging">\r\n<h3>登錄失敗！請再試一次。</h3>\r\n</div>'),
(40, 1, 14, 'ชื่อผู้ใช้'),
(41, 2, 14, 'Username'),
(42, 3, 14, '用户名'),
(43, 1, 15, 'รหัสผ่าน'),
(44, 2, 15, 'Password'),
(45, 3, 15, '密码'),
(46, 1, 16, '<span style="font-size: small;">รองรับอุปกรณ์ได้ 5 อุปกรณ์</span>'),
(47, 2, 16, '<span style="font-size: small;">* Maximum support 5 devices</span>'),
(48, 3, 16, '<span style="font-size: small;">*&nbsp;最大支持5個設備</span>'),
(49, 1, 17, '<h2>ยินดีต้อนรับเข้าสู่ระบบ Self Service Registration For Internet Ticket by Thai Airways</h2>'),
(50, 2, 17, '<h2>Welcome to Self Service Registration For Internet Ticket by Thai Airways</h2>'),
(51, 3, 17, '<h2>欢迎来到泰航免费上网</h2>'),
(52, 1, 18, '<h2>กดปุ่ม "ยอมรับ" เพื่อเข้าใช้งาน Internet หรือ "ไม่ยอมรับ" เพื่อออกจากระบบ</h2>'),
(53, 2, 18, '<h2>Click "Yes" to internet or "No" to cancel</h2>'),
(54, 3, 18, '<h2>Click "Yes" to internet or "No" to cancel</h2>'),
(55, 1, 19, 'ยอมรับ'),
(56, 2, 19, 'Yes'),
(57, 3, 19, '是'),
(58, 1, 20, 'ไม่ยอมรับ'),
(59, 2, 20, 'No'),
(60, 3, 20, '無'),
(61, 1, 21, 'เข้าสู่ระบบ'),
(62, 2, 21, 'Login'),
(63, 3, 21, '註冊'),
(64, 1, 22, 'กรุณากรอกชื่อผู้ใช้'),
(65, 2, 22, 'Please enter Username'),
(66, 3, 22, 'Please enter Username'),
(67, 1, 23, 'กรุณากรอกรหัสผ่าน'),
(68, 2, 23, 'Please enter Password'),
(69, 3, 23, 'Please enter Password'),
(70, 1, 24, 'ไม่สามารถออกคูปองได้ กรุณาลองใหม่อีกครั้งด้วยบัตรโดยสารของสายการบินไทย'),
(71, 2, 24, 'Cannot print internet account. Please try with Thai Airways boarding pass.'),
(72, 3, 24, 'Cannot print internet account. Please try with Thai Airways boarding pass.');

-- --------------------------------------------------------

--
-- โครงสร้างตาราง `tb_b_mainphoto`
--

CREATE TABLE IF NOT EXISTS `tb_b_mainphoto` (
  `id` int(11) NOT NULL AUTO_INCREMENT,
  `photo_name` varchar(30) DEFAULT NULL,
  `photo_link` varchar(500) DEFAULT NULL,
  `photo_status` varchar(1) DEFAULT 'Y',
  `photo_cat` int(5) DEFAULT NULL,
  `md` datetime DEFAULT NULL,
  `mb` varchar(25) DEFAULT NULL,
  `title` varchar(255) DEFAULT NULL,
  `short_msg` varchar(255) DEFAULT NULL,
  `detail` text,
  `cd` datetime DEFAULT NULL,
  `cb` varchar(25) DEFAULT NULL,
  PRIMARY KEY (`id`)
) ENGINE=MyISAM  DEFAULT CHARSET=utf8 ROW_FORMAT=COMPACT AUTO_INCREMENT=5 ;

--
-- dump ตาราง `tb_b_mainphoto`
--

INSERT INTO `tb_b_mainphoto` (`id`, `photo_name`, `photo_link`, `photo_status`, `photo_cat`, `md`, `mb`, `title`, `short_msg`, `detail`, `cd`, `cb`) VALUES
(1, '4579620.jpg', NULL, 'Y', 0, NULL, NULL, 'รองอธิบดีกรมสถ.เป็นประธานพิธีเปิดโครงการพัฒนาบุคลากรด้านการศึกษาท้องถิ่นฯ', 'รองอธิบดีกรมสถ.เป็นประธานพิธีเปิดโครงการพัฒนาบุคลากรด้านการศึกษาท้องถิ่นฯ', '<p>รองอธิบดีกรมสถ.เป็นประธานพิธีเปิดโครงการพัฒนาบุคลากรด้านการศึกษาท้องถิ่นฯ xxx</p>', '2014-01-27 14:15:26', ''),
(2, '7278411.jpg', NULL, 'Y', 0, NULL, NULL, 'ประกาศเทศบาลเมืองเขารูปช้าง เรื่อง การจัดจ้างโดยการประมูลด้วยระบบอิเล็กทรอนิกส์', 'ประกาศเทศบาลเมืองเขารูปช้าง เรื่อง การจัดจ้างโดยการประมูลด้วยระบบอิเล็กทรอนิกส์', '<p>ประกาศเทศบาลเมืองเขารูปช้าง เรื่อง การจัดจ้างโดยการประมูลด้วยระบบอิเล็กทรอนิกส์ yyy</p>', '2014-01-27 14:17:10', ''),
(3, '7729125.jpg', NULL, 'Y', 0, NULL, NULL, 'เปิดโครงการ “อุทยานกล้วยเฉลิมพระเกียรติฯนครหาดใหญ่”', 'เปิดโครงการ “อุทยานกล้วยเฉลิมพระเกียรติฯนครหาดใหญ่”', '<p>เปิดโครงการ &ldquo;อุทยานกล้วยเฉลิมพระเกียรติฯนครหาดใหญ่&rdquo; aaa</p>', '2014-01-27 14:17:54', ''),
(4, '7861236.jpg', NULL, 'Y', 0, NULL, NULL, 'ประกาศ รายชื่อผู้ได้รับคัดเลือกเข้ารับการอบรม ตามโครงการพัฒนาศักยภาพครู', 'ประกาศ รายชื่อผู้ได้รับคัดเลือกเข้ารับการอบรม ตามโครงการพัฒนาศักยภาพครู', '<p>ประกาศ รายชื่อผู้ได้รับคัดเลือกเข้ารับการอบรม ตามโครงการพัฒนาศักยภาพครู&nbsp;bbb</p>', '2014-01-27 14:18:44', '');

-- --------------------------------------------------------

--
-- โครงสร้างตาราง `tb_b_news`
--

CREATE TABLE IF NOT EXISTS `tb_b_news` (
  `id` int(15) NOT NULL AUTO_INCREMENT,
  `title_th` varchar(700) NOT NULL,
  `title_en` varchar(700) DEFAULT NULL,
  `title_ch` varchar(700) NOT NULL,
  `image` varchar(50) NOT NULL,
  `date` varchar(12) NOT NULL,
  `short_msg_th` varchar(700) NOT NULL,
  `short_msg_en` varchar(700) DEFAULT NULL,
  `short_msg_ch` varchar(700) NOT NULL,
  `detail_th` text NOT NULL,
  `detail_en` text,
  `detail_ch` text NOT NULL,
  `status` varchar(2) NOT NULL DEFAULT 'Y',
  `cd` datetime NOT NULL,
  `cb` varchar(30) NOT NULL,
  `md` datetime NOT NULL,
  `mb` varchar(30) NOT NULL,
  `type` char(1) NOT NULL,
  `hotspot_id` int(11) NOT NULL,
  `show_date` datetime NOT NULL,
  PRIMARY KEY (`id`)
) ENGINE=MyISAM  DEFAULT CHARSET=utf8 ROW_FORMAT=COMPACT AUTO_INCREMENT=53 ;

--
-- dump ตาราง `tb_b_news`
--

INSERT INTO `tb_b_news` (`id`, `title_th`, `title_en`, `title_ch`, `image`, `date`, `short_msg_th`, `short_msg_en`, `short_msg_ch`, `detail_th`, `detail_en`, `detail_ch`, `status`, `cd`, `cb`, `md`, `mb`, `type`, `hotspot_id`, `show_date`) VALUES
(39, 'การเทียบโอน', NULL, '', '5777836.JPG', '20/08/2014', '', NULL, '', '<p>การเทียบโอน สำหรับนักศึกษา หลักปริญญาตรี(เทียบโอน)</p>', NULL, '', 'N', '0000-00-00 00:00:00', '', '0000-00-00 00:00:00', '', '', 0, '0000-00-00 00:00:00'),
(40, 'การใช้งานระบบทะเบียน', NULL, '', '6394980.jpg', '24/08/2014', '', NULL, '', '<p>การขอชื่อผู้ใช้ และรหัสผ่าน สำหรับการใช้งานระบบทะเบียน</p>', NULL, '', 'N', '0000-00-00 00:00:00', '', '0000-00-00 00:00:00', '', '', 0, '0000-00-00 00:00:00'),
(41, 'การติดต่อสำนักงานสาขา', NULL, '', '7419157.jpg', '18/08/2014', '', NULL, '', '<p>รายละเอียดการติดต่อสาขา ของ นักศึกษาสาขาเทคโนโลยีสารสนเทศธุรกิจ</p>', NULL, '', 'Y', '0000-00-00 00:00:00', '', '0000-00-00 00:00:00', '', '', 0, '0000-00-00 00:00:00'),
(45, 'test', NULL, '', '9580198.jpg', '26/08/2014', '', NULL, '', '<p>tests</p>', NULL, '', 'N', '0000-00-00 00:00:00', '', '0000-00-00 00:00:00', '', '', 0, '0000-00-00 00:00:00'),
(46, 'กิจกรรมสานสัมพันธ์น้องพี่', NULL, '', '2326900.jpg', '28/08/2014', '', NULL, '', '<p style="text-align: center;"><strong>"กิจกรรมสานสัมพันธ์น้องพี่"</strong></p>\r\n<p style="text-align: center;"><strong>คณะบริหารธุรกิจและเทคโนโลยีสารสนเทศ ศูนย์นนทบุรี</strong></p>\r\n<p style="text-align: center;"><strong>วันพุธที่ 3 กันยายน 2557</strong></p>\r\n<p style="text-align: center;"><strong>เวลา 07.30-18.45 น.</strong></p>\r\n<p style="text-align: center;"><strong>ณ มทร.สุวรรณภูมิ ศูนย์นนทบุรี (เขตเหนือ)</strong></p>\r\n<p style="text-align: center;">&nbsp;</p>', NULL, '', 'N', '0000-00-00 00:00:00', '', '0000-00-00 00:00:00', '', '', 0, '0000-00-00 00:00:00'),
(44, 'การขอรับ User เพื่อเข้าใช้ระบบ Internet', NULL, '', '2966902.jpg', '27/08/2014', '', NULL, '', '<p>ประกาศ นักศึกษาใหม่ ปี 2557 สามารถติดต่อขอรับ&nbsp;User เพื่อเข้าใช้ระบบ Internet&nbsp;</p>\r\n<p>ติดต่อ : เค้าเตอร์ ยืม-คืน ชั้น 1 อาคาร 19 สำนักวิทยบริการและเทคโนโลยีสารสนเทศ เขตเหนือ</p>\r\n<p>รอบการอบรม</p>\r\n<p>รอบที่ 1 เวลา 9.00 - 10.30 &nbsp;น.</p>\r\n<p>รอบที่ 2&nbsp;เวลา 10.30 - 12.00 น.</p>\r\n<p>รอบที่ 3 เวลา 13.00 - 14.30 น.</p>\r\n<p>รอบที่ 4 เวลา 14.30 - 16.00 น.</p>\r\n<p>รอบที่ 5 เวลา 16.00 - 17.30 น.</p>\r\n<p>(ทุกวันจันทร์ - ศุกร์ ตั้งแต่บัดนี้ ถึง วันที่ 28 สิงหาคม 2557 เท่านั้น)</p>\r\n<p>***หมายเหตุ นักศึกษาต้องผ่านการอบรมการใช้งานห้องสมุดก่อน จึงจะได้รับรหัสเข้าใช้อินเทอร์เน็ต นักศึกษาใหม่ต้องใช้ USER เพื่อเข้าระบบสารสนเทศภายในมหาวิทยาลัย (ต้องใช้ USER เพื่อเข้าระบบทะเบียนในการลงทะเบียนเรียน)</p>\r\n<p>&nbsp;</p>', NULL, '', 'N', '0000-00-00 00:00:00', '', '0000-00-00 00:00:00', '', '', 0, '0000-00-00 00:00:00'),
(47, 'แจ้งนักศึกษาสาขาสารสนเทศการของใช้ห้องคอมพิวเตอร์ธุรกิจ', NULL, '', '7916627.jpg', '28/08/2014', '', NULL, '', '<p style="text-align: center;">แจ้งนักศึกษา</p>\r\n<p style="text-align: center;">สาขาวิชาระบบสารสนเทศและคอมพิวเตอร์ธุรกิจ</p>\r\n<p style="text-align: center;">นักศึกษาที่ต้องการใช้ห้องปฏิบัติการคอมพิวเตอร์นอกเวลาเรียน</p>\r\n<p style="text-align: center;">ให้มาติดต่อขออนุญาตเข้าใช้ห้องได้ที่ห้องสำนักงานชั้น 6</p>', NULL, '', 'Y', '0000-00-00 00:00:00', '', '0000-00-00 00:00:00', '', '', 0, '0000-00-00 00:00:00'),
(48, 'ขอแสดงความยินดีกับผลการเรียนสูงสุด', NULL, '', '7673477.jpg', '17/09/2014', '', NULL, '', '<p>ขอแสดงความยินดี</p>\r\n<p>นางสาวภัสราภรณ์ &nbsp;คำนวนฤทธิ์</p>\r\n<p>ที่ได้รับรางวัลผู้มีผลการเรียนเฉลี่ยสะสมสูงสุด 3.70</p>\r\n<p>สาขาเทคโนโลยีสารสนเทศธุรกิจ</p>', NULL, '', 'N', '0000-00-00 00:00:00', '', '0000-00-00 00:00:00', '', '', 0, '0000-00-00 00:00:00'),
(49, 'แสดงความยินดีนักศึกษาได้ผลการเรียนดี', NULL, '', '6957022.jpg', '18/09/2014', '', NULL, '', '', NULL, '', 'Y', '0000-00-00 00:00:00', '', '0000-00-00 00:00:00', '', '', 0, '0000-00-00 00:00:00'),
(50, 'เสื้อ AEC', NULL, '', '3303734.jpf', '30/09/2014', '', NULL, '', '<p>เสื้อ AEC</p>', NULL, '', 'N', '0000-00-00 00:00:00', '', '0000-00-00 00:00:00', '', '', 0, '0000-00-00 00:00:00'),
(51, 'เสื้อ AEC', NULL, '', '8079935.jpg', '30/09/2014', '', NULL, '', '<p>เสื้อ AEC</p>', NULL, '', 'N', '0000-00-00 00:00:00', '', '0000-00-00 00:00:00', '', '', 0, '0000-00-00 00:00:00'),
(52, 'เสื้อ AEC', NULL, '', '2106154.jpg', '30/09/2014', '', NULL, '', '<p>เสื้อ AEC</p>', NULL, '', 'Y', '0000-00-00 00:00:00', '', '0000-00-00 00:00:00', '', '', 0, '0000-00-00 00:00:00'),
(38, 'กำหนดการเปิดเทอม 1/2557', NULL, '', '6660306.jpg', '15/08/2014', '', NULL, '', '<p>กำหนดการเปิดเทอม 1/2557</p>', NULL, '', 'N', '0000-00-00 00:00:00', '', '0000-00-00 00:00:00', '', '', 0, '0000-00-00 00:00:00');

-- --------------------------------------------------------

--
-- โครงสร้างตาราง `tb_b_shortmsg`
--

CREATE TABLE IF NOT EXISTS `tb_b_shortmsg` (
  `id` int(11) NOT NULL AUTO_INCREMENT,
  `short_msg_th` varchar(1000) DEFAULT NULL,
  `status` char(1) DEFAULT 'Y',
  `cb` varchar(30) DEFAULT NULL,
  `cd` datetime DEFAULT NULL,
  `mb` varchar(30) DEFAULT NULL,
  `md` datetime DEFAULT NULL,
  `short_msg_en` varchar(1000) DEFAULT NULL,
  PRIMARY KEY (`id`)
) ENGINE=MyISAM  DEFAULT CHARSET=utf8 AUTO_INCREMENT=7 ;

--
-- dump ตาราง `tb_b_shortmsg`
--

INSERT INTO `tb_b_shortmsg` (`id`, `short_msg_th`, `status`, `cb`, `cd`, `mb`, `md`, `short_msg_en`) VALUES
(1, 'มหาวิทยาลัยเทคโนโลยีราชมงคลสุวรรณภูมิ ศูนย์นนทบุรี เปิดให้บริการเวลา 08.30 - 16.30 น. ทุกวัน เว้นวันหยุดราชการ  หมายเลขโทรศัพท์ 02 9681059', 'Y', NULL, NULL, NULL, NULL, NULL),
(2, 'กำหนดการเปิดเทอม 1/2557 วันจันทร์ที่ 18 สิงหาคม 2557', 'Y', NULL, NULL, NULL, NULL, NULL),
(3, 'นักศึกษาหลักสูตรเทียบโอนให้ติดตามปฏิทินการเทียบโอนของ สำนักทะเบียน และ ดำเนิการตามปฏิทินอย่างเคร่งครัด', 'Y', NULL, NULL, NULL, NULL, NULL),
(4, ' เรื่องแจ้งให้ทราบ ประชาสัมพันธ์ เรื่อง ขอความอนุเคราะห์ประชาสัมพันธ์รับสมัครงาน บ.ASIAN ENGINEERING VALUAION CO.LTD ', 'N', NULL, NULL, NULL, NULL, NULL);

-- --------------------------------------------------------

--
-- โครงสร้างตาราง `tb_b_theme`
--

CREATE TABLE IF NOT EXISTS `tb_b_theme` (
  `id` int(11) NOT NULL AUTO_INCREMENT,
  `hotspot_id` int(11) NOT NULL,
  `page_name` varchar(255) DEFAULT NULL,
  `page_link` varchar(255) DEFAULT NULL,
  `bg_img` varchar(255) DEFAULT NULL,
  `bg_color` varchar(255) DEFAULT NULL,
  `logo_img` varchar(255) DEFAULT NULL,
  `img_path` varchar(255) DEFAULT 'backend/attachfiles/theme/',
  `cd` datetime DEFAULT NULL,
  `cb` varchar(25) DEFAULT NULL,
  `md` datetime DEFAULT NULL,
  `mb` varchar(25) DEFAULT NULL,
  PRIMARY KEY (`id`)
) ENGINE=MyISAM  DEFAULT CHARSET=utf8 ROW_FORMAT=COMPACT AUTO_INCREMENT=6 ;

--
-- dump ตาราง `tb_b_theme`
--

INSERT INTO `tb_b_theme` (`id`, `hotspot_id`, `page_name`, `page_link`, `bg_img`, `bg_color`, `logo_img`, `img_path`, `cd`, `cb`, `md`, `mb`) VALUES
(1, 1, NULL, NULL, '1206615.jpg', 'ffffff', NULL, 'backend/attachfiles/theme/', NULL, NULL, '2014-02-17 15:05:17', 'admin'),
(2, 3, NULL, NULL, '2328626.jpg', '783778', '', 'backend/attachfiles/theme/', '2014-02-17 15:05:36', 'site1', '2014-02-17 15:52:40', 'admin'),
(3, 6, NULL, NULL, '8440583.jpg', 'FFFFFF', '', 'backend/attachfiles/theme/', '2014-02-19 21:24:18', 'udhotspotsite', NULL, NULL),
(4, 5, NULL, NULL, '7203144.jpg', 'FFFFFF', '5534785.jpg', 'backend/attachfiles/theme/', '2014-02-20 13:07:46', 'adminoffee', '2014-02-20 13:08:36', 'admin'),
(5, 7, NULL, NULL, NULL, 'FFFFFF', '5055802.jpg', 'backend/attachfiles/theme/', '2014-02-20 15:29:14', 'TEST0001', '2014-02-20 15:30:18', 'admin');

-- --------------------------------------------------------

--
-- โครงสร้างตาราง `tb_b_tv_channel`
--

CREATE TABLE IF NOT EXISTS `tb_b_tv_channel` (
  `id` int(11) NOT NULL AUTO_INCREMENT,
  `tv_name` varchar(255) DEFAULT NULL,
  `tv_url` text,
  `tv_desc` text,
  `status` char(1) DEFAULT 'N',
  `image` varchar(100) DEFAULT NULL,
  PRIMARY KEY (`id`)
) ENGINE=InnoDB  DEFAULT CHARSET=utf8 AUTO_INCREMENT=9 ;

--
-- dump ตาราง `tb_b_tv_channel`
--

INSERT INTO `tb_b_tv_channel` (`id`, `tv_name`, `tv_url`, `tv_desc`, `status`, `image`) VALUES
(1, 'Channel 3', '<p><embed width="770" height="666" type="application/x-shockwave-flash" src="http://www.tvzza.com/player.swf" flashvars="file=s1&amp;type=rtmp&amp;streamer=rtmp://202.43.34.236/3/&amp;autostart=true&amp;controlbar.position=over&amp;skin=modieus.swf&amp;skin=http%3A%2F%2Fcontent2.longtailvideo.com%2Fskins%2Fglow%2Fglow.zip&amp;stretching=exactfit&amp;image=http://www.tvzza.com/images/channel/screen/channel-3.jpg" quality="high" allowscriptaccess="always" wmode="opaque" allowfullscreen="allowfullscreen" volume="-1" pluginspage="http://www.macromedia.com/go/getflashplayer"></embed></p>', NULL, 'Y', '7141357.jpg'),
(2, 'Channel 5', '<p><iframe src="http://www.stat.or.th/player5.10/player.swf?autostart=true&amp;file=s1&amp;streamer=rtmp://202.43.34.236/5&amp;stretching=exactfit&amp;autostart=true" width="770" height="666" frameborder="0" marginwidth="0" marginheight="0" scrolling="No"></iframe></p>', NULL, 'Y', '8145233.jpg'),
(3, 'Channel 7', '<p><iframe id="iframe_live" style="height: 522px; width: 939px;" src="http://www.ch7.com/player/iframe_livech7/25149/mid?w=770&amp;h=531" width="770" height="666" frameborder="0" marginwidth="0" marginheight="0" scrolling="no"></iframe></p>', NULL, 'Y', '2061828.jpg'),
(4, 'MCOT', '<p><embed width="770" height="666" type="application/x-shockwave-flash" src="http://www.tvzza.com/player.swf" flashvars="file=modern9_800&amp;type=rtmp&amp;streamer=rtmp://mediaix.mcot.net:1935/ch9&amp;autostart=true&amp;controlbar.position=over&amp;skin=modieus.swf&amp;skin=http%3A%2F%2Fcontent2.longtailvideo.com%2Fskins%2Fglow%2Fglow.zip&amp;stretching=exactfit&amp;image=http://www.tvzza.com/images/channel/screen/channel-9.jpg" quality="high" allowscriptaccess="always" wmode="opaque" allowfullscreen="allowfullscreen" volume="-1" pluginspage="http://www.macromedia.com/go/getflashplayer"></embed></p>', NULL, 'Y', '8236694.jpg'),
(5, 'NATION', '<p><iframe src="http://www.stat.or.th/player5.10/player.swf?streamer=rtmp://202.43.34.236/NAT/&amp;file=s1" width="770" height="666" frameborder="0" scrolling="no"></iframe></p>', NULL, 'Y', '5670837.jpg'),
(6, 'NBT', '<p><embed width="770" height="666" type="application/x-shockwave-flash" src="http://www.tvzza.com/player.swf" flashvars="file=s1&amp;type=rtmp&amp;streamer=rtmp://202.43.34.236/11/&amp;autostart=true&amp;controlbar.position=over&amp;skin=modieus.swf&amp;skin=http%3A%2F%2Fcontent2.longtailvideo.com%2Fskins%2Fglow%2Fglow.zip&amp;stretching=exactfit&amp;image=http://www.tvzza.com/images/channel/screen/nbt.jpg" quality="high" allowscriptaccess="always" wmode="opaque" allowfullscreen="allowfullscreen" volume="-1" pluginspage="http://www.macromedia.com/go/getflashplayer"></embed></p>', NULL, 'Y', '2909973.jpg'),
(7, 'Thai PBS', '<p><object id="StrobeMediaPlayback" style="visibility: visible;" width="770" height="666" type="application/x-shockwave-flash" name="StrobeMediaPlayback" data="http://cache.101g.net/StrobeMediaPlayback.swf"><param name="allowfullscreen" value="true"><param name="allowscriptaccess" value="always"><param name="flashvars" value="src=http://live.thaipbs.or.th/token/tpbs-live-geo-evo.f4m&autoPlay=true&controlBarAutoHide=true&controlBarPosition=bottom&controlBarMode=floating&poster=http://cache.101g.net/cdnimages/thaipbslive.jpg&scaleMode=letterbox&verbose=true&streamType=live"></object></p>', NULL, 'Y', '4423614.jpg'),
(8, 'TNN', '<p><embed width="770" height="666" type="application/x-shockwave-flash" src="http://www.tvzza.com/player.swf" flashvars="file=liveinfinity1&amp;type=rtmp&amp;streamer=rtmp://202.142.207.150/live/&amp;autostart=true&amp;controlbar.position=over&amp;skin=modieus.swf&amp;skin=http%3A%2F%2Fcontent2.longtailvideo.com%2Fskins%2Fglow%2Fglow.zip&amp;stretching=exactfit&amp;image=http://www.tvzza.com/images/channel/screen/ch8-infinity.jpg" quality="high" allowscriptaccess="always" wmode="opaque" allowfullscreen="allowfullscreen" volume="-1" pluginspage="http://www.macromedia.com/go/getflashplayer"></embed></p>', NULL, 'Y', '4661193.jpg');

-- --------------------------------------------------------

--
-- โครงสร้างตาราง `tb_b_urls`
--

CREATE TABLE IF NOT EXISTS `tb_b_urls` (
  `id` int(15) NOT NULL AUTO_INCREMENT,
  `url` varchar(3000) DEFAULT NULL,
  `unique_chars` varchar(25) DEFAULT NULL,
  PRIMARY KEY (`id`),
  UNIQUE KEY `unique_chars` (`unique_chars`)
) ENGINE=MyISAM  DEFAULT CHARSET=utf8 AUTO_INCREMENT=4 ;

--
-- dump ตาราง `tb_b_urls`
--

INSERT INTO `tb_b_urls` (`id`, `url`, `unique_chars`) VALUES
(1, 'http://192.168.100.21/extauth.php?auth=f06873717a9245f879cea5d49a4cc311&code=234324234|234|2|323423|23&mac=&popup=true&dst=&ip=&hostname=&username=imu2ja&password=078212&link-login=&link-orig=&error=&chap-id=&chap-challenge=&link-login-only=&link-orig-esc=&mac-esc=&login-by=&domain=&error-orig=&identity=&popup=true&server-address=extauth.php?auth=', NULL),
(2, 'http://192.168.100.21/extauth.php?auth=5814c6f973ff332ce2b7bab610b61c04&code=234324234|234|2|323423423&mac=&popup=true&dst=&ip=&hostname=&username=j67y4d&password=181537&link-login=&link-orig=&error=&chap-id=&chap-challenge=&link-login-only=&link-orig-esc=&mac-esc=&login-by=&domain=&error-orig=&identity=&popup=true&server-address=extauth.php?auth=', NULL),
(3, 'http://192.168.100.21/extauth.php?auth=', NULL);

-- --------------------------------------------------------

--
-- โครงสร้างตาราง `tb_b_user`
--

CREATE TABLE IF NOT EXISTS `tb_b_user` (
  `id` int(11) NOT NULL AUTO_INCREMENT,
  `username` varchar(25) DEFAULT NULL,
  `password` varchar(100) DEFAULT NULL,
  `user_group` int(2) DEFAULT NULL,
  `firstname` varchar(50) DEFAULT NULL,
  `lastname` varchar(50) DEFAULT NULL,
  `cd` datetime DEFAULT NULL,
  `cb` varchar(12) DEFAULT NULL,
  `user_type` varchar(20) DEFAULT NULL,
  `email` varchar(100) DEFAULT NULL,
  `telno` varchar(100) DEFAULT NULL,
  `status` varchar(1) NOT NULL DEFAULT 'Y',
  `pass_text` varchar(50) DEFAULT NULL,
  `mb` varchar(25) DEFAULT NULL,
  `md` datetime DEFAULT NULL,
  `last_login` datetime DEFAULT NULL,
  PRIMARY KEY (`id`),
  UNIQUE KEY `username` (`username`)
) ENGINE=MyISAM  DEFAULT CHARSET=utf8 ROW_FORMAT=COMPACT AUTO_INCREMENT=15 ;

--
-- dump ตาราง `tb_b_user`
--

INSERT INTO `tb_b_user` (`id`, `username`, `password`, `user_group`, `firstname`, `lastname`, `cd`, `cb`, `user_type`, `email`, `telno`, `status`, `pass_text`, `mb`, `md`, `last_login`) VALUES
(1, 'admin', 'e3274be5c857fb42ab72d786e281b4b8', 1, 'Admin', NULL, '1899-12-29 00:00:00', 'admin', 'ADMIN_SUPER', '', '', 'Y', '', '', '0000-00-00 00:00:00', '0000-00-00 00:00:00'),
(8, 'adminoffee', '71b6b3edcd1c985267334009b1cd7b84', NULL, 'admin', 'offee', '2014-02-18 21:41:01', 'adminoffee', 'ADMIN_SITE', 'chong_si@hotmail.com', '081-6494007', 'N', '123qwe', '', '0000-00-00 00:00:00', '0000-00-00 00:00:00'),
(11, 'udhotspotsite', '929060a64eedc871489898eb49d1e789', NULL, 'ประวิทย์', 'พิมมะสาร', '2014-02-19 21:14:12', 'admin', 'ADMIN_SITE', 'pomprawit@hotmail.com', '39923032932', 'N', 'udhotspotsite', '', '0000-00-00 00:00:00', '0000-00-00 00:00:00'),
(12, 'TEST0001', '2990b87a496bfa9e353af6d23d347b60', NULL, 'TEST01', 'TEST01', '2014-02-20 15:26:05', 'admin', 'ADMIN_SITE', 'TEST@dstasfa.com', '081-6494007', 'N', 'security', '', '0000-00-00 00:00:00', '0000-00-00 00:00:00'),
(13, 'ropadmin', '8da4e3627c106e0069860fe94d9b45ad', NULL, 'ROP', 'Admin', '2014-02-20 15:26:45', 'admin', 'ADMIN_SITE', 'rop@thai.com', '089', 'Y', 'ropadmin', 'admin', '2014-05-28 16:18:31', '0000-00-00 00:00:00'),
(14, 'adminlang', 'aedcc282f9f2ce3205f243a82b38ad8e', 1, 'Admin', 'Language', '1901-06-28 00:00:00', 'admin', 'LANGUAGE', '', '', 'Y', '', '', '0000-00-00 00:00:00', '0000-00-00 00:00:00');

-- --------------------------------------------------------

--
-- โครงสร้างตาราง `tb_b_user_group`
--

CREATE TABLE IF NOT EXISTS `tb_b_user_group` (
  `id` int(11) NOT NULL AUTO_INCREMENT,
  `group_name` varchar(255) DEFAULT NULL,
  `price` decimal(10,2) DEFAULT NULL,
  `group_status` varchar(2) DEFAULT 'Y',
  `package_detail` text,
  `cd` datetime DEFAULT NULL,
  `cb` varchar(12) DEFAULT NULL,
  `md` datetime DEFAULT NULL,
  `mb` varchar(12) DEFAULT NULL,
  `hotspot_id` int(11) NOT NULL,
  `default_package` varchar(1) DEFAULT NULL,
  PRIMARY KEY (`id`)
) ENGINE=MyISAM  DEFAULT CHARSET=utf8 ROW_FORMAT=COMPACT AUTO_INCREMENT=4 ;

--
-- dump ตาราง `tb_b_user_group`
--

INSERT INTO `tb_b_user_group` (`id`, `group_name`, `price`, `group_status`, `package_detail`, `cd`, `cb`, `md`, `mb`, `hotspot_id`, `default_package`) VALUES
(1, 'admin', NULL, 'Y', NULL, '1899-12-29 00:00:00', 'admin', NULL, NULL, 0, NULL),
(2, 'user', NULL, 'N', NULL, '1899-12-29 00:00:00', 'admin', NULL, NULL, 0, NULL),
(3, 'register', 1000.00, 'Y', NULL, '1899-12-29 00:00:00', 'admin', '2014-05-28 17:03:37', 'admin', 0, 'N');

-- --------------------------------------------------------

--
-- โครงสร้างตาราง `tb_b_user_hotspot`
--

CREATE TABLE IF NOT EXISTS `tb_b_user_hotspot` (
  `id` int(11) NOT NULL AUTO_INCREMENT,
  `userid` int(11) DEFAULT NULL,
  `hotspot_id` int(11) DEFAULT NULL,
  PRIMARY KEY (`id`)
) ENGINE=MyISAM  DEFAULT CHARSET=utf8 ROW_FORMAT=COMPACT AUTO_INCREMENT=17 ;

--
-- dump ตาราง `tb_b_user_hotspot`
--

INSERT INTO `tb_b_user_hotspot` (`id`, `userid`, `hotspot_id`) VALUES
(1, 2, 1),
(2, 5, 1),
(4, 5, 3),
(8, 7, 3),
(9, 6, 5),
(10, 8, 5),
(13, 11, 6),
(14, 12, 7),
(16, 13, 10);

/*!40101 SET CHARACTER_SET_CLIENT=@OLD_CHARACTER_SET_CLIENT */;
/*!40101 SET CHARACTER_SET_RESULTS=@OLD_CHARACTER_SET_RESULTS */;
/*!40101 SET COLLATION_CONNECTION=@OLD_COLLATION_CONNECTION */;
